task_model,task_data,value
0,0,42333.6180975963
1,1,17216.917193864443
2,2,10900.132043155814
3,3,8597.088613578078
4,4,8097.245023043222
