task_model,task_data,value
0,0,0.69525945
1,1,0.43284965
2,2,0.2684958
3,3,0.26601025
4,4,0.23907521
