task_model,task_data,value
0,0,41002.936363220215
1,1,617280.9505462646
2,2,482359.824180603
3,3,446710.42680740356
4,4,756985.0468635559
