task_model,task_data,value
0,0,9683.730712890625
1,1,238973.287109375
2,2,265462.849609375
3,3,296858.6923828125
4,4,519266.908203125
