task_model,task_data,value
0,0,29186.0413501184
1,1,20444.61160737013
2,2,16161.962924473688
3,3,14170.086283152606
4,4,11706.58404647954
