task_model,task_data,value
0,0,0.631095
1,1,0.54073274
2,2,0.4783946
3,3,0.43911964
4,4,0.39179093
