task_model,task_data,value
0,0,58502.26879119873
1,1,406850.51918029785
2,2,590162.5156402588
3,3,696835.5131149292
4,4,725149.8413085938
