task_model,task_data,value
0,0,20040.5966796875
1,1,132641.029296875
2,2,219049.314453125
3,3,280952.4765625
4,4,344063.177734375
