task_model,task_data,value
0,0,42333.6180975963
1,1,16837.29502408029
2,2,10127.443108932017
3,3,6718.662480602128
4,4,7536.24005774247
