task_model,task_data,value
0,0,0.69525945
1,1,0.40215284
2,2,0.24033245
3,3,0.20130812
4,4,0.18544623
