task_model,task_data,value
0,0,41002.936363220215
1,1,604587.1257781982
2,2,633224.3728637695
3,3,542917.9573059082
4,4,925776.5769958496
