task_model,task_data,value
0,0,9683.730712890625
1,1,239336.23046875
2,2,375078.51953125
3,3,461664.484375
4,4,682326.26953125
