task_model,task_data,value
0,0,29901.895629715546
1,1,21543.647046384973
2,2,15783.618289276872
3,3,13791.093257534374
4,4,11755.919568218727

