task_model,task_data,value
0,0,0.63493204
1,1,0.54655856
2,2,0.47676986
3,3,0.43911582
4,4,0.3958796

