task_model,task_data,value
0,0,55745.89252471924
1,1,421615.8103942871
2,2,600215.7640457153
3,3,680406.002998352
4,4,721974.9879837036

