task_model,task_data,value
0,0,18639.20068359375
1,1,130442.626953125
2,2,228120.970703125
3,3,281867.189453125
4,4,341119.20703125

