task_model,task_data,value
0,0,40330.62898104498
1,1,15796.269248203575
2,2,11792.766263020352
3,3,8008.545500212721
4,4,7599.1894583948515
