task_model,task_data,value
0,0,0.6865003
1,1,0.40895522
2,2,0.2612641
3,3,0.23693542
4,4,0.23737256
