task_model,task_data,value
0,0,42815.8974647522
1,1,544182.1908950806
2,2,485050.0464439392
3,3,463746.1590766907
4,4,683082.3659896851
