task_model,task_data,value
0,0,10614.100341796875
1,1,229621.03515625
2,2,246737.546875
3,3,330827.62109375
4,4,499282.59765625
