task_model,task_data,value
0,0,24652.581415051976
1,1,12390.643408809474
2,2,9487.906857132251
3,3,6484.8392988325695
4,4,6273.109220138913
