task_model,task_data,value
0,0,0.606168
1,1,0.40232787
2,2,0.17360651
3,3,0.16013204
4,4,0.12230836
