task_model,task_data,value
0,0,656804.6951293945
1,1,1550884.8571777344
2,2,1580966.8350219727
3,3,1665387.4111175537
4,4,2428832.006454468
