task_model,task_data,value
0,0,266371.0234375
1,1,834271.8125
2,2,999578.09375
3,3,1467206.1640625
4,4,2150578.28125
