task_model,task_data,value
0,0,0.52478313
1,1,0.2480065
2,2,0.13077642
3,3,0.06888877
4,4,0.034820464
5,5,0.0040225848
6,6,-0.01394392
7,7,-0.025895102
8,8,-0.029264813
9,9,-0.04464186
