task_model,task_data,value
0,0,14564.547609494724
1,1,7156.180641443777
2,2,5880.981014874413
3,3,5639.658522246571
4,4,7633.811529732148
