task_model,task_data,value
0,0,0.48781362
1,1,0.060794905
2,2,-0.0013858674
3,3,0.016092563
4,4,-0.023783434
