task_model,task_data,value
0,0,908770.3704833984
1,1,2609508.934020996
2,2,2641104.0115356445
3,3,2657139.8973464966
4,4,3554307.322502136
