task_model,task_data,value
0,0,623835.796875
1,1,2430520.9375
2,2,2694015.625
3,3,2691762.234375
4,4,2586152.734375
