task_model,task_data,value
0,0,40911.26325729711
1,1,13459.452169946731
2,2,10823.236181409993
3,3,7577.317916759534
4,4,7760.591001325824
