task_model,task_data,value
0,0,0.6895685
1,1,0.4025006
2,2,0.28173268
3,3,0.25461632
4,4,0.23070534
