task_model,task_data,value
0,0,42731.170654296875
1,1,453850.85582733154
2,2,461518.3734893799
3,3,445073.6474990845
4,4,697480.4759025574
