task_model,task_data,value
0,0,10442.753662109375
1,1,224754.11328125
2,2,255797.46875
3,3,335576.4345703125
4,4,499203.8046875
