task_model,task_data,value
0,0,15598.893113125805
1,1,16749.091374448235
2,2,13053.192532158433
3,3,13083.453315120125
4,4,13351.48948117047
