task_model,task_data,value
0,0,0.49904823
1,1,0.4624878
2,2,0.3924813
3,3,0.4126664
4,4,0.40973952
