task_model,task_data,value
0,0,913448.2574462891
1,1,5030801.010131836
2,2,4549687.728881836
3,3,2551427.7839660645
4,4,1166262.2785568237
