task_model,task_data,value
0,0,585468.1875
1,1,2002017.0
2,2,2090880.578125
3,3,1114130.2734375
4,4,485184.74609375
