epoch,value
0,0.97435564
1,0.993424
2,0.9615727
3,0.9524437
0,0.97435564
1,0.993424
2,0.9615727
3,0.9524437
0,0.97435564
1,0.993424
2,0.9615727
3,0.9524437
