epoch,value
0,0.82134
1,0.97148395
2,0.93890226
3,0.92648405
0,0.82134
1,0.97148395
2,0.93890226
3,0.92648405
0,0.82134
1,0.97148395
2,0.93890226
3,0.92648405
