task_model,task_data,value
0,0,39626.48988110581
1,1,15745.57966012952
2,2,10982.329588433222
3,3,8051.671208554104
4,4,7687.294885042689
