task_model,task_data,value
0,0,0.68520665
1,1,0.42400527
2,2,0.26788154
3,3,0.24525884
4,4,0.22991288
