task_model,task_data,value
0,0,41149.36590194702
1,1,493749.98569488525
2,2,440604.1932106018
3,3,440587.420463562
4,4,769920.0534820557
