task_model,task_data,value
0,0,10382.230712890625
1,1,209011.564453125
2,2,240668.103515625
3,3,312623.1572265625
4,4,556304.685546875
