task_model,task_data,value
0,0,39995.28378878612
1,1,15763.926613874439
2,2,9248.983310632968
3,3,6593.615235795605
4,4,7597.533088759089
