task_model,task_data,value
0,0,0.68582207
1,1,0.39296594
2,2,0.246457
3,3,0.191684
4,4,0.18577053
