task_model,task_data,value
0,0,40767.17138290405
1,1,567866.0488128662
2,2,505503.47805023193
3,3,504747.35975265503
4,4,930338.7546539307
