task_model,task_data,value
0,0,10190.9560546875
1,1,240106.19921875
2,2,327864.60546875
3,3,437346.3828125
4,4,680156.94921875
