<VTKFile type="PolyData" version="1.0" byte_order="LittleEndian" header_type="UInt64">
  <PolyData>
    <Piece NumberOfPoints="2601" NumberOfVerts="0" NumberOfLines="0" NumberOfStrips="0" NumberOfPolys="2500">
      <PointData>
        <DataArray type="Float32" Name="zvalue" NumberOfComponents="1" format="ascii" RangeMin="2.205015820618638" RangeMax="2.312535423847214">
          2.2787828203925513 2.2785113395600547 2.2780758716658203 2.277134549133213 2.2760307193973843 2.2753536286729794
          2.275136423777481 2.275401105548888 2.2756223107811833 2.2758689248583712 2.2758710354460763 2.2756052465382703
          2.2751174927500073 2.274740657838461 2.2746297576791683 2.2747228899229515 2.2748041403563604 2.2748540464157956
          2.274947891860518 2.275115506683864 2.275328205756635 2.2756859767589908 2.2762243172529955 2.2770830742079555
          2.278835312377347 2.283147639236748 2.288602297889311 2.312535423847214 2.312535423847214 2.312535423847214
          2.312535423847214 2.276909092393075 2.27318133570039 2.276551288606727 2.3053178703632637 2.312535423847214
          2.312535423847214 2.312535423847214 2.312535423847214 2.312535423847214 2.312535423847214 2.312535423847214
          2.312535423847214 2.312535423847214 2.312535423847214 2.312535423847214 2.312535423847214 2.312535423847214
          2.312535423847214 2.312535423847214 2.312535423847214 2.27848832479198 2.278034566685723 2.2772235922693835
          2.2760771526404384 2.275282076501455 2.275121200998874 2.2752559764774687 2.2754806528787648 2.275678606195043
          2.2757985118575355 2.275550426135001 2.2751406313774827 2.274793656852045 2.27460973238004 2.2746877618166557
          2.2747818036288883 2.274843549928431 2.2749290115068943 2.275085549349979 2.275295553639719 2.2756106408946106
          2.2761050602172426 2.2769742127125117 2.2786197115454776 2.2830316443885312 2.288703504504915 2.312535423847214
          2.312535423847214 2.312535423847214 2.312535423847214 2.275994944308706 2.2731841649169255 2.2757129719357803
          2.2888122563128293 2.312535423847214 2.312535423847214 2.312535423847214 2.312535423847214 2.312535423847214
          2.312535423847214 2.312535423847214 2.312535423847214 2.312535423847214 2.312535423847214 2.312535423847214
          2.312535423847214 2.312535423847214 2.312535423847214 2.312535423847214 2.312535423847214 2.312535423847214
          2.277646375244373 2.2770370493822405 2.2760178440136953 2.275198329142082 2.2750877136929413 2.275120305374854
          2.275353102216022 2.2755559914167653 2.275695690206427 2.275559298168973 2.2751013385142453 2.274781060217179
          2.274602398962145 2.274634912359374 2.2747553378695087 2.274830252855904 2.274918623032046 2.275061904150137
          2.275245544738613 2.2755195331231395 2.275976501415543 2.276860922120705 2.278355860913101 2.2825182323031683
          2.2880382831800263 2.312535423847214 2.312535423847214 2.312535423847214 2.312535423847214 2.2750292751413252
          2.2731408035666867 2.27507908315566 2.2814785090562393 2.312535423847214 2.312535423847214 2.312535423847214
          2.312535423847214 2.312535423847214 2.312535423847214 2.312535423847214 2.312535423847214 2.312535423847214
          2.312535423847214 2.312535423847214 2.312535423847214 2.312535423847214 2.312535423847214 2.312535423847214
          2.312535423847214 2.312535423847214 2.312535423847214 2.2768171159430337 2.275928204274568 2.2751131787850856
          2.274960350423424 2.2751526353821556 2.2751903682657777 2.2753573168661165 2.2755009662146883 2.2754281830509915
          2.2750819466446934 2.2747754338709245 2.2746307868876467 2.2746113606071523 2.2747423590586373 2.274828947193235
          2.2748960716566597 2.2750264211869724 2.275194352906747 2.2754451521159265 2.2758362731812816 2.276653518467398
          2.2780252585089174 2.2820803293291165 2.287682651706199 2.312535423847214 2.312535423847214 2.312535423847214
          2.312535423847214 2.276876851094526 2.273449483422069 2.274758059934399 2.278596430639244 2.3100963692978174
          2.312535423847214 2.312535423847214 2.312535423847214 2.312535423847214 2.312535423847214 2.312535423847214
          2.312535423847214 2.312535423847214 2.312535423847214 2.312535423847214 2.312535423847214 2.312535423847214
          2.312535423847214 2.312535423847214 2.312535423847214 2.312535423847214 2.312535423847214 2.312535423847214
          2.275876867314412 2.275076860842395 2.274848109825202 2.2751133922523303 2.2750673271559076 2.2752089847068744
          2.2753657555212037 2.275388626170303 2.2750487306163723 2.2747887061590677 2.274609016225126 2.2745870888601485
          2.2747161850084616 2.2748242499138756 2.2749037370239233 2.2750071607049054 2.2751598485708664 2.2753541735758493
          2.2757495752978234 2.276459335679772 2.2778435543419455 2.281590449682162 2.28707114373218 2.312535423847214
          2.312535423847214 2.312535423847214 2.312535423847214 2.274573384792207 2.273652742815416 2.2744277786382385
          2.276923032126444 2.2902132991530575 2.312535423847214 2.312535423847214 2.312535423847214 2.312535423847214
          2.312535423847214 2.312535423847214 2.312535423847214 2.312535423847214 2.312535423847214 2.312535423847214
          2.312535423847214 2.312535423847214 2.312535423847214 2.312535423847214 2.312535423847214 2.312535423847214
          2.312535423847214 2.312535423847214 2.312535423847214 2.274991950320596 2.2747625027185667 2.274982789053831
          2.2750538714277773 2.275081144276549 2.2751807871951337 2.275243109658685 2.2750574523254676 2.274768880504829
          2.274612466142805 2.274572571202022 2.2746869426086924 2.274813205707546 2.2748908106953403 2.274978622428427
          2.2751193466584883 2.2753120611559465 2.275651922342236 2.2762965099522536 2.2775320351528503 2.28103216250049
          2.286551508960763 2.312535423847214 2.312535423847214 2.312535423847214 2.312535423847214 2.276500578287653
          2.2736360936339395 2.2745157884476987 2.276147158237203 2.2829888094359805 2.312535423847214 2.312535423847214
          2.312535423847214 2.312535423847214 2.312535423847214 2.312535423847214 2.312535423847214 2.312535423847214
          2.312535423847214 2.312535423847214 2.312535423847214 2.312535423847214 2.312535423847214 2.312535423847214
          2.312535423847214 2.312535423847214 2.312535423847214 2.312535423847214 2.312535423847214 2.312535423847214
          2.2747537615452083 2.2748342366839047 2.2750433307360156 2.274980330612708 2.2750942967510857 2.2751554341483065
          2.2749972301192485 2.274777361296456 2.274620724151156 2.274557611769976 2.274649642759361 2.2748114015949774
          2.2748733847063303 2.2749619505280867 2.2750792021574453 2.275241407992008 2.275563574950776 2.276103658612098
          2.277272940240726 2.280295881786084 2.2860223693897423 2.312535423847214 2.312535423847214 2.312535423847214
          2.312535423847214 2.277584285220645 2.273983856830463 2.274486813960399 2.2757567511787093 2.279541319453061
          2.312535423847214 2.312535423847214 2.312535423847214 2.312535423847214 2.312535423847214 2.312535423847214
          2.312535423847214 2.312535423847214 2.312535423847214 2.312535423847214 2.312535423847214 2.312535423847214
          2.312535423847214 2.312535423847214 2.312535423847214 2.312535423847214 2.312535423847214 2.312535423847214
          2.312535423847214 2.312535423847214 2.312535423847214 2.2747374845630257 2.274971250759944 2.2749550715778
          2.275028190197159 2.275057055928465 2.274983499265145 2.274801480827582 2.274651079577294 2.2745527518502664
          2.2746147362634384 2.2747616541528997 2.274871990634758 2.274941165287103 2.2750477353412277 2.275212062274715
          2.275476494627619 2.275998363365785 2.2770193904530633 2.279681813545937 2.2854421876942297 2.312535423847214
          2.312535423847214 2.312535423847214 2.312535423847214 2.276414615131274 2.2742354738315753 2.2744813277145
          2.2756124443707137 2.278099416496502 2.29623344391046 2.312535423847214 2.312535423847214 2.312535423847214
          2.312535423847214 2.312535423847214 2.312535423847214 2.312535423847214 2.312535423847214 2.312535423847214
          2.312535423847214 2.312535423847214 2.312535423847214 2.312535423847214 2.312535423847214 2.312535423847214
          2.312535423847214 2.312535423847214 2.312535423847214 2.312535423847214 2.312535423847214 2.312535423847214
          2.274829464469698 2.274937370325995 2.2749991612054146 2.275001449442596 2.2749639624323095 2.274811028638296
          2.2746664336954883 2.2745624263595525 2.274594945105554 2.274714608458939 2.2748379240825893 2.2749226027920044
          2.2750243881526138 2.2751640694487163 2.2754229365233094 2.2758732946450753 2.276776908486179 2.279246034717549
          2.285007335337982 2.312535423847214 2.312535423847214 2.312535423847214 2.312535423847214 2.2758499152138665
          2.274794353628692 2.2749515225404973 2.275714846258745 2.277329295787776 2.286014604597812 2.312535423847214
          2.312535423847214 2.312535423847214 2.312535423847214 2.312535423847214 2.312535423847214 2.312535423847214
          2.312535423847214 2.312535423847214 2.312535423847214 2.312535423847214 2.312535423847214 2.312535423847214
          2.312535423847214 2.312535423847214 2.312535423847214 2.312535423847214 2.312535423847214 2.312535423847214
          2.312535423847214 2.312535423847214 2.312535423847214 2.274924459548859 2.2748984467059548 2.274948553589497
          2.2749261084180885 2.274794576247542 2.274680273463036 2.2746032557481044 2.274591242100565 2.2746850139436927
          2.2747932350282007 2.2749130913365043 2.2750042020468375 2.2751348361941686 2.2753682682862086 2.275749576985509
          2.276589791765545 2.278798149994628 2.28359467766971 2.312535423847214 2.312535423847214 2.312535423847214
          2.312535423847214 2.2861465330318267 2.2749071762740254 2.2752990337871033 2.275703885275792 2.276963728616522
          2.2820997060440655 2.312535423847214 2.312535423847214 2.312535423847214 2.312535423847214 2.312535423847214
          2.312535423847214 2.312535423847214 2.312535423847214 2.312535423847214 2.312535423847214 2.305266840649468
          2.298243195065921 2.312535423847214 2.312535423847214 2.312535423847214 2.312535423847214 2.312535423847214
          2.312535423847214 2.312535423847214 2.312535423847214 2.312535423847214 2.312535423847214 2.312535423847214
          2.274923498474911 2.2749105916055905 2.2748954905565766 2.2748189223105593 2.2747053963012376 2.274608247652747
          2.274583588031849 2.2746664738752123 2.2747449876175616 2.274865714584432 2.274976069620857 2.27511346335943
          2.2753107416599487 2.275648680110793 2.276403901602731 2.278340514014252 2.2833839144108086 2.312535423847214
          2.312535423847214 2.312535423847214 2.312535423847214 2.2875498067939257 2.2749804820608275 2.27532103645694
          2.2755855389352693 2.2768309083300626 2.280345101598488 2.3102828449086847 2.312535423847214 2.312535423847214
          2.312535423847214 2.312535423847214 2.312535423847214 2.312535423847214 2.312535423847214 2.312535423847214
          2.312535423847214 2.295404292923661 2.2879801489590235 2.3010815892777683 2.312535423847214 2.312535423847214
          2.312535423847214 2.312535423847214 2.312535423847214 2.312535423847214 2.312535423847214 2.312535423847214
          2.312535423847214 2.312535423847214 2.312535423847214 2.274906656503323 2.274905941901949 2.274818174587412
          2.274732300081643 2.27463197203593 2.2745886755104503 2.274648396828575 2.274711415772571 2.2748114166704987
          2.274953957169549 2.275071119997774 2.275261680970271 2.2756151936007734 2.276263506579548 2.278015956991355
          2.2826202958108253 2.312535423847214 2.312535423847214 2.312535423847214 2.312535423847214 2.2878694655108873
          2.2752934835738525 2.275509413648971 2.275865461101008 2.2767314798137694 2.279381420589983 2.2963236889534535
          2.312535423847214 2.312535423847214 2.312535423847214 2.312535423847214 2.312535423847214 2.312535423847214
          2.312535423847214 2.312535423847214 2.312535423847214 2.2847518315125686 2.271160039271584 2.288526296935923
          2.307889985015264 2.312535423847214 2.312535423847214 2.312535423847214 2.312535423847214 2.312535423847214
          2.312535423847214 2.312535423847214 2.312535423847214 2.312535423847214 2.312535423847214 2.312535423847214
          2.274878114549804 2.2748057585222123 2.2747165534316474 2.2746300491975036 2.274586001883052 2.2746430168896854
          2.2746999517208453 2.274776398155883 2.2749292331291278 2.2750396363799323 2.2752324138643982 2.275547812622312
          2.2761198667499993 2.277724283048226 2.2825837897051846 2.312535423847214 2.312535423847214 2.312535423847214
          2.312535423847214 2.2967526796663575 2.2758507633075102 2.2756168505579266 2.2760581899599437 2.2766399413143845
          2.2789040540255407 2.2910296255758174 2.312535423847214 2.312535423847214 2.312535423847214 2.312535423847214
          2.312535423847214 2.312535423847214 2.312535423847214 2.312535423847214 2.312535423847214 2.2805262129433275
          2.2640365289184863 2.268451468641529 2.289641459680957 2.312535423847214 2.312535423847214 2.312535423847214
          2.312535423847214 2.312535423847214 2.312535423847214 2.312535423847214 2.312535423847214 2.312535423847214
          2.312535423847214 2.312535423847214 2.312535423847214 2.2748193911840557 2.2747189818749534 2.274634531011378
          2.2745833056380644 2.274628647827389 2.274680204611226 2.274735369602937 2.274868969685762 2.275012113716186
          2.275177432301713 2.2754723105678507 2.2759716192632635 2.2774007139835173 2.281121627122425 2.312535423847214
          2.312535423847214 2.312535423847214 2.312535423847214 2.3043403290097952 2.27584407924165 2.2755774189193994
          2.2756327605708906 2.276520599395522 2.2786638056726116 2.2874500572134333 2.312535423847214 2.312535423847214
          2.312535423847214 2.312535423847214 2.312535423847214 2.312535423847214 2.312535423847214 2.312535423847214
          2.312535423847214 2.278019728133454 2.2560750300210115 2.2553478328972747 2.2786830134654306 2.30340624838487
          2.312535423847214 2.312535423847214 2.312535423847214 2.312535423847214 2.312535423847214 2.312535423847214
          2.312535423847214 2.312535423847214 2.312535423847214 2.312535423847214 2.312535423847214 2.312535423847214
          2.274717097762574 2.2746546470402307 2.274587275091018 2.2746016794556674 2.274657985017491 2.2747107917580194
          2.274811395178199 2.2749692519063918 2.2751393088086824 2.2754222535216493 2.2759212214325353 2.2770722198467928
          2.2813254700464336 2.312535423847214 2.312535423847214 2.312535423847214 2.312535423847214 2.307267931635795
          2.2760624719192806 2.275675821649418 2.2755931785305696 2.276190952773349 2.278221353224376 2.2849114141557063
          2.312535423847214 2.312535423847214 2.312535423847214 2.312535423847214 2.312535423847214 2.312535423847214
          2.312535423847214 2.312535423847214 2.312535423847214 2.2743175715642696 2.2521888637147547 2.242454375758721
          2.2569372229449955 2.2894095268658963 2.312535423847214 2.312535423847214 2.312535423847214 2.312535423847214
          2.312535423847214 2.312535423847214 2.312535423847214 2.312535423847214 2.312535423847214 2.312535423847214
          2.312535423847214 2.312535423847214 2.312535423847214 2.274625460740148 2.2745914138530234 2.274596434626227
          2.274633626195815 2.2746900611521865 2.274770661417008 2.2749339131947277 2.2750998935204123 2.2753446246949305
          2.2758133736580155 2.2768465204489896 2.28072748121204 2.312535423847214 2.312535423847214 2.312535423847214
          2.312535423847214 2.3061439532820955 2.276305374683616 2.2755846068323726 2.275621745112007 2.276167507522385
          2.27807284336811 2.2834644152841164 2.312535423847214 2.312535423847214 2.312535423847214 2.312535423847214
          2.312535423847214 2.312535423847214 2.312535423847214 2.312535423847214 2.312535423847214 2.2795306104026736
          2.2499433632574606 2.235910926889491 2.2452980599353842 2.2755042801910217 2.307747198562882 2.312535423847214
          2.312535423847214 2.312535423847214 2.312535423847214 2.312535423847214 2.312535423847214 2.312535423847214
          2.312535423847214 2.312535423847214 2.312535423847214 2.312535423847214 2.312535423847214 2.312535423847214
          2.274569835339191 2.2745819880814855 2.274615668759004 2.2746555853811876 2.2747389321319944 2.274875561850423
          2.2750529773039236 2.275290694227738 2.275676688679391 2.276645257236075 2.279839212396583 2.312535423847214
          2.312535423847214 2.312535423847214 2.312535423847214 2.312535423847214 2.276545089523644 2.275422903264273
          2.2753919665888733 2.275821192972235 2.2773907963135276 2.282696846568848 2.307268426673698 2.312535423847214
          2.312535423847214 2.312535423847214 2.312535423847214 2.312535423847214 2.312535423847214 2.312535423847214
          2.312535423847214 2.2840484482495667 2.249421041346043 2.2291029356353866 2.2344542197233794 2.2602846481365004
          2.289530762097765 2.312535423847214 2.312535423847214 2.312535423847214 2.312535423847214 2.312535423847214
          2.312535423847214 2.312535423847214 2.312535423847214 2.312535423847214 2.312535423847214 2.312535423847214
          2.312535423847214 2.312535423847214 2.312535423847214 2.2745576866120256 2.274598923852914 2.2746254663067567
          2.2747002228531836 2.2748286175736485 2.275025251085872 2.275211267235909 2.2755612298692727 2.2763832727277364
          2.2792013081397373 2.312535423847214 2.312535423847214 2.312535423847214 2.312535423847214 2.312535423847214
          2.2767171533833035 2.2753905852767 2.2752741821196767 2.275618341696318 2.2769902995608073 2.2817495639863665
          2.30051562669604 2.312535423847214 2.312535423847214 2.312535423847214 2.312535423847214 2.312535423847214
          2.312535423847214 2.312535423847214 2.312535423847214 2.2888912661677883 2.249800627336847 2.2237882617942346
          2.2265583780099307 2.2444695128766083 2.276585193063535 2.312535423847214 2.312535423847214 2.312535423847214
          2.312535423847214 2.312535423847214 2.312535423847214 2.312535423847214 2.312535423847214 2.312535423847214
          2.312535423847214 2.312535423847214 2.312535423847214 2.312535423847214 2.312535423847214 2.312535423847214
          2.274568475111335 2.2746059030887427 2.274665408427136 2.274782059572611 2.2749553118029966 2.2751281191192154
          2.275437563872713 2.2762303304499616 2.278263363137995 2.312535423847214 2.312535423847214 2.312535423847214
          2.312535423847214 2.312535423847214 2.2767129365786976 2.2752299202119537 2.2749951367410994 2.275508842310374
          2.2768098198759468 2.2810752954201314 2.2982588567169886 2.312535423847214 2.312535423847214 2.312535423847214
          2.312535423847214 2.312535423847214 2.312535423847214 2.312535423847214 2.312535423847214 2.2972800700871097
          2.2512013735951397 2.225796844778538 2.2209196584873485 2.236124400500451 2.2629913614866792 2.3007944631315986
          2.312535423847214 2.312535423847214 2.312535423847214 2.312535423847214 2.312535423847214 2.312535423847214
          2.312535423847214 2.312535423847214 2.312535423847214 2.312535423847214 2.312535423847214 2.312535423847214
          2.312535423847214 2.312535423847214 2.312535423847214 2.2745774981487337 2.2746364238045182 2.274757543337882
          2.2748968975028334 2.2750880427737843 2.27533694874117 2.276125491551526 2.277645822427701 2.312535423847214
          2.312535423847214 2.312535423847214 2.312535423847214 2.312535423847214 2.2777042329221135 2.2752353048400584
          2.2749860548397383 2.275305781715738 2.276551885163877 2.2804427066046635 2.295415147061123 2.312535423847214
          2.312535423847214 2.312535423847214 2.312535423847214 2.312535423847214 2.312535423847214 2.312535423847214
          2.312535423847214 2.306201703074798 2.2587508531910894 2.2278978005730727 2.2134423489952613 2.2253392762534276
          2.254532389130847 2.2900095783684993 2.312535423847214 2.312535423847214 2.312535423847214 2.312535423847214
          2.312535423847214 2.312535423847214 2.312535423847214 2.312535423847214 2.312535423847214 2.312535423847214
          2.312535423847214 2.312535423847214 2.312535423847214 2.312535423847214 2.312535423847214 2.312535423847214
          2.2746067013370044 2.2747110025650925 2.2748363100279003 2.275026281000097 2.2752358411813813 2.2759797833558553
          2.276947433532076 2.312535423847214 2.312535423847214 2.312535423847214 2.312535423847214 2.312535423847214
          2.2785621171462074 2.275204167288061 2.274846728114435 2.275036646349775 2.2765483235066277 2.280311475920213
          2.294795423496708 2.312535423847214 2.312535423847214 2.312535423847214 2.312535423847214 2.312535423847214
          2.312535423847214 2.312535423847214 2.312535423847214 2.312535423847214 2.265101709541621 2.230139427093606
          2.2122637064319965 2.2210736251155176 2.2480895141215558 2.274377168007519 2.312535423847214 2.312535423847214
          2.312535423847214 2.312535423847214 2.312535423847214 2.312535423847214 2.312535423847214 2.312535423847214
          2.312535423847214 2.312535423847214 2.312535423847214 2.312535423847214 2.312535423847214 2.312535423847214
          2.312535423847214 2.312535423847214 2.312535423847214 2.274674960055114 2.2748005809691527 2.274937083513711
          2.2751739988812147 2.275733566579042 2.2763182053751922 2.312535423847214 2.312535423847214 2.312535423847214
          2.312535423847214 2.312535423847214 2.278832620294578 2.275153590398537 2.2748201575061833 2.2748428556236693
          2.276167068305354 2.280169406417492 2.293948324454142 2.312535423847214 2.312535423847214 2.312535423847214
          2.312535423847214 2.312535423847214 2.312535423847214 2.312535423847214 2.312535423847214 2.312535423847214
          2.27228638775335 2.2328978994883077 2.2135355659962914 2.2157668312349577 2.2352639823182874 2.265704051707534
          2.3080842093706737 2.312535423847214 2.312535423847214 2.312535423847214 2.312535423847214 2.312535423847214
          2.312535423847214 2.312535423847214 2.312535423847214 2.312535423847214 2.312535423847214 2.312535423847214
          2.312535423847214 2.312535423847214 2.312535423847214 2.312535423847214 2.312535423847214 2.312535423847214
          2.27475450621568 2.2748601750701014 2.2751364618515395 2.275492086038265 2.2760609835307055 2.312535423847214
          2.312535423847214 2.312535423847214 2.312535423847214 2.312535423847214 2.2790209235046754 2.2750638317005154
          2.2743549539860144 2.274812687756642 2.276126131180971 2.2798634957546797 2.2932303831769363 2.312535423847214
          2.312535423847214 2.312535423847214 2.312535423847214 2.312535423847214 2.312535423847214 2.312535423847214
          2.312535423847214 2.312535423847214 2.282646440069004 2.2386458594240786 2.2131311556466153 2.2108113695614793
          2.2261057153719035 2.254873752832075 2.293617533906822 2.312535423847214 2.312535423847214 2.312535423847214
          2.312535423847214 2.312535423847214 2.312535423847214 2.312535423847214 2.312535423847214 2.312535423847214
          2.312535423847214 2.312535423847214 2.312535423847214 2.312535423847214 2.312535423847214 2.312535423847214
          2.312535423847214 2.312535423847214 2.312535423847214 2.2748203185871856 2.2751022817341258 2.2753501308216513
          2.2757052027232594 2.312535423847214 2.312535423847214 2.312535423847214 2.312535423847214 2.312535423847214
          2.281446492135247 2.2752920797210607 2.274569465758425 2.274802493542496 2.27601841116626 2.2795485886519367
          2.2915803568635735 2.312535423847214 2.312535423847214 2.312535423847214 2.312535423847214 2.312535423847214
          2.312535423847214 2.312535423847214 2.312535423847214 2.312535423847214 2.292988118236203 2.245918305111868
          2.2142066944579866 2.207133845864578 2.220208236474117 2.247143271335721 2.283907148897474 2.312535423847214
          2.312535423847214 2.312535423847214 2.312535423847214 2.312535423847214 2.312535423847214 2.312535423847214
          2.312535423847214 2.312535423847214 2.312535423847214 2.312535423847214 2.312535423847214 2.312535423847214
          2.312535423847214 2.312535423847214 2.312535423847214 2.312535423847214 2.312535423847214 2.312535423847214
          2.2749998402518754 2.2752181178564777 2.275443986517635 2.312535423847214 2.312535423847214 2.312535423847214
          2.312535423847214 2.312535423847214 2.2840863899834583 2.2753043510022413 2.2744796399278373 2.2745558858799115
          2.2757359077257684 2.2787370660147763 2.2888161376042575 2.312535423847214 2.312535423847214 2.312535423847214
          2.312535423847214 2.312535423847214 2.312535423847214 2.312535423847214 2.312535423847214 2.312535423847214
          2.304592641335334 2.252795441936332 2.2175455441174736 2.205015820618638 2.218276872635801 2.2418445399076132
          2.2705825522008998 2.312535423847214 2.312535423847214 2.312535423847214 2.312535423847214 2.312535423847214
          2.312535423847214 2.312535423847214 2.312535423847214 2.312535423847214 2.312535423847214 2.312535423847214
          2.312535423847214 2.312535423847214 2.312535423847214 2.312535423847214 2.312535423847214 2.312535423847214
          2.312535423847214 2.312535423847214 2.312535423847214 2.275032732223852 2.2751972569757384 2.312535423847214
          2.312535423847214 2.312535423847214 2.312535423847214 2.312535423847214 2.295754196152709 2.275582176435392
          2.2744520464316706 2.27420783013663 2.2750021457143403 2.278375225750619 2.2866505694100354 2.312535423847214
          2.312535423847214 2.312535423847214 2.312535423847214 2.2984745536552893 2.312535423847214 2.312535423847214
          2.312535423847214 2.312535423847214 2.312535423847214 2.263830970904482 2.222283020709046 2.207404970309414
          2.215852973359706 2.2336728607390732 2.2666806817229417 2.303326798071402 2.312535423847214 2.312535423847214
          2.312535423847214 2.312535423847214 2.312535423847214 2.312535423847214 2.312535423847214 2.312535423847214
          2.312535423847214 2.312535423847214 2.312535423847214 2.312535423847214 2.312535423847214 2.312535423847214
          2.312535423847214 2.312535423847214 2.312535423847214 2.312535423847214 2.312535423847214 2.312535423847214
          2.2750238935675013 2.2885269369203343 2.312535423847214 2.312535423847214 2.312535423847214 2.312535423847214
          2.2980767988391255 2.2760449912983587 2.274568080376995 2.274439487709129 2.274725331151701 2.277311999744632
          2.2843943185515676 2.312535423847214 2.312535423847214 2.312535423847214 2.312535423847214 2.2845027391037394
          2.312535423847214 2.312535423847214 2.312535423847214 2.312535423847214 2.312535423847214 2.2761785906418206
          2.2307674901459085 2.205929248265716 2.211824035220706 2.2296905357036594 2.2603430045921415 2.296322067979076
          2.312535423847214 2.312535423847214 2.312535423847214 2.312535423847214 2.312535423847214 2.312535423847214
          2.312535423847214 2.312535423847214 2.312535423847214 2.312535423847214 2.312535423847214 2.312535423847214
          2.312535423847214 2.312535423847214 2.312535423847214 2.312535423847214 2.312535423847214 2.312535423847214
          2.312535423847214 2.312535423847214 2.312535423847214 2.2762734540499934 2.312535423847214 2.312535423847214
          2.312535423847214 2.312535423847214 2.3112789435613075 2.276223092947061 2.2743434493217403 2.2740501561099022
          2.27446888262041 2.2765344817591164 2.282432537294855 2.3023608205729325 2.312535423847214 2.312535423847214
          2.312535423847214 2.2857889005198966 2.285871230386084 2.312535423847214 2.312535423847214 2.312535423847214
          2.312535423847214 2.2884090408532813 2.239585460669854 2.2096851077969277 2.2104953222264982 2.226647339633195
          2.2531711842185342 2.285302809352737 2.312535423847214 2.312535423847214 2.312535423847214 2.312535423847214
          2.312535423847214 2.312535423847214 2.312535423847214 2.312535423847214 2.312535423847214 2.312535423847214
          2.312535423847214 2.312535423847214 2.312535423847214 2.312535423847214 2.312535423847214 2.312535423847214
          2.312535423847214 2.312535423847214 2.312535423847214 2.312535423847214 2.312535423847214 2.312535423847214
          2.312535423847214 2.312535423847214 2.312535423847214 2.312535423847214 2.312535423847214 2.277144343692316
          2.274494538747828 2.2742085337160467 2.2741851960394155 2.2757107397133125 2.2804633680420388 2.2946380094575525
          2.312535423847214 2.312535423847214 2.312535423847214 2.275871045638806 2.2898261458709896 2.312535423847214
          2.312535423847214 2.312535423847214 2.312535423847214 2.3025524844183183 2.2516673985154303 2.214192244758291
          2.2088542166257286 2.2229340887044593 2.249246875098646 2.273719491447254 2.312535423847214 2.312535423847214
          2.312535423847214 2.312535423847214 2.312535423847214 2.312535423847214 2.312535423847214 2.312535423847214
          2.312535423847214 2.312535423847214 2.312535423847214 2.312535423847214 2.312535423847214 2.312535423847214
          2.312535423847214 2.312535423847214 2.312535423847214 2.312535423847214 2.312535423847214 2.312535423847214
          2.312535423847214 2.312535423847214 2.312535423847214 2.312535423847214 2.312535423847214 2.312535423847214
          2.312535423847214 2.277870073526875 2.274959325024836 2.273920751477431 2.2738893738407606 2.275213243381344
          2.2786928316172923 2.289246051201333 2.312535423847214 2.312535423847214 2.312535423847214 2.28065447297962
          2.275548267213372 2.312535423847214 2.312535423847214 2.312535423847214 2.312535423847214 2.312535423847214
          2.2616416007836335 2.222116408824693 2.2114479665723636 2.222824385319206 2.2431992785019474 2.2717096953731772
          2.3121497521290233 2.312535423847214 2.312535423847214 2.312535423847214 2.312535423847214 2.312535423847214
          2.312535423847214 2.312535423847214 2.312535423847214 2.312535423847214 2.312535423847214 2.312535423847214
          2.312535423847214 2.312535423847214 2.312535423847214 2.312535423847214 2.312535423847214 2.312535423847214
          2.312535423847214 2.312535423847214 2.312535423847214 2.312535423847214 2.312535423847214 2.312535423847214
          2.312535423847214 2.312535423847214 2.312535423847214 2.2791878039014764 2.275113270932843 2.2740207379275437
          2.274021748042135 2.274872963730912 2.2773098969546823 2.2843112099750273 2.312535423847214 2.312535423847214
          2.312535423847214 2.2819534973632076 2.2755699970086845 2.291893546262078 2.312535423847214 2.312535423847214
          2.312535423847214 2.312535423847214 2.2766989589401776 2.230720650831715 2.2128148361458444 2.221231798872609
          2.241339254269237 2.2657863749502916 2.3040277194207337 2.312535423847214 2.312535423847214 2.312535423847214
          2.312535423847214 2.312535423847214 2.312535423847214 2.312535423847214 2.312535423847214 2.312535423847214
          2.312535423847214 2.312535423847214 2.312535423847214 2.312535423847214 2.312535423847214 2.312535423847214
          2.312535423847214 2.312535423847214 2.312535423847214 2.312535423847214 2.312535423847214 2.312535423847214
          2.312535423847214 2.312535423847214 2.312535423847214 2.312535423847214 2.312535423847214 2.28083248361044
          2.275572563408508 2.2741455742940526 2.2740077820399835 2.2744974869233188 2.276111208310182 2.28101393856593
          2.299951346872521 2.312535423847214 2.312535423847214 2.284936639067806 2.2761211813027042 2.28236154280464
          2.312535423847214 2.312535423847214 2.312535423847214 2.312535423847214 2.2905122116060532 2.2416125092050168
          2.217461022615546 2.227033442473889 2.2410616034878306 2.263226867353394 2.2991903897257973 2.312535423847214
          2.312535423847214 2.312535423847214 2.312535423847214 2.312535423847214 2.312535423847214 2.312535423847214
          2.312535423847214 2.312535423847214 2.312535423847214 2.312535423847214 2.312535423847214 2.312535423847214
          2.312535423847214 2.312535423847214 2.312535423847214 2.312535423847214 2.312535423847214 2.312535423847214
          2.312535423847214 2.312535423847214 2.312535423847214 2.312535423847214 2.312535423847214 2.312535423847214
          2.312535423847214 2.282358796349663 2.2759890032760253 2.2743671895338986 2.2740585533644064 2.2742354945459424
          2.2756055217309585 2.278617725120722 2.2902302020002567 2.312535423847214 2.312535423847214 2.2832092159131303
          2.2772637861261957 2.2790274426302375 2.309440639877702 2.312535423847214 2.312535423847214 2.312535423847214
          2.307548106250835 2.2538257478546724 2.2228011027545462 2.22376537985262 2.240421787560267 2.263618183612391
          2.2929986744964217 2.312535423847214 2.312535423847214 2.312535423847214 2.312535423847214 2.312535423847214
          2.312535423847214 2.312535423847214 2.312535423847214 2.312535423847214 2.312535423847214 2.312535423847214
          2.312535423847214 2.312535423847214 2.312535423847214 2.312535423847214 2.312535423847214 2.312535423847214
          2.312535423847214 2.312535423847214 2.312535423847214 2.312535423847214 2.312535423847214 2.312535423847214
          2.312535423847214 2.312535423847214 2.312535423847214 2.285203731028151 2.2769973334380738 2.274833882334177
          2.274123385350982 2.2739220291491256 2.27467846819764 2.276683182959845 2.2845957703641053 2.312535423847214
          2.312535423847214 2.299681677080537 2.2793605990789634 2.278262478147445 2.2898309661499634 2.312535423847214
          2.312535423847214 2.312535423847214 2.312535423847214 2.2677161672551214 2.2330725441741883 2.2266450080247657
          2.2391199944643767 2.2607766036214683 2.2920629306452738 2.312535423847214 2.312535423847214 2.312535423847214
          2.312535423847214 2.312535423847214 2.312535423847214 2.312535423847214 2.312535423847214 2.312535423847214
          2.312535423847214 2.312535423847214 2.312535423847214 2.312535423847214 2.312535423847214 2.312535423847214
          2.312535423847214 2.312535423847214 2.312535423847214 2.312535423847214 2.312535423847214 2.312535423847214
          2.312535423847214 2.312535423847214 2.312535423847214 2.312535423847214 2.312535423847214 2.312535423847214
          2.2778427956842453 2.275272837343939 2.274195982161047 2.2737206812138218 2.273998389472682 2.2751904039553175
          2.280249008538744 2.30028777181589 2.312535423847214 2.3054805011566026 2.2799554020879076 2.2779630954645493
          2.2875264134700766 2.312535423847214 2.312535423847214 2.312535423847214 2.312535423847214 2.28304692465961
          2.2426227135162637 2.2312996819016386 2.2461720826463507 2.260142417738027 2.287672201191255 2.312535423847214
          2.312535423847214 2.312535423847214 2.312535423847214 2.312535423847214 2.312535423847214 2.312535423847214
          2.312535423847214 2.312535423847214 2.312535423847214 2.312535423847214 2.312535423847214 2.312535423847214
          2.312535423847214 2.312535423847214 2.312535423847214 2.312535423847214 2.312535423847214 2.312535423847214
          2.312535423847214 2.312535423847214 2.312535423847214 2.312535423847214 2.312535423847214 2.312535423847214
          2.312535423847214 2.312535423847214 2.312535423847214 2.2759840776257407 2.274520222149676 2.2739084128173075
          2.273836664395995 2.2743914666319034 2.277424217986529 2.289590092090031 2.312535423847214 2.312535423847214
          2.2839830375844103 2.279311125892441 2.2857100855202916 2.312535423847214 2.312535423847214 2.312535423847214
          2.312535423847214 2.3001487713638373 2.2562798850572525 2.238831896493085 2.2489934542176924 2.2660093162074344
          2.287532198672738 2.312535423847214 2.312535423847214 2.312535423847214 2.312535423847214 2.312535423847214
          2.312535423847214 2.312535423847214 2.312535423847214 2.312535423847214 2.312535423847214 2.312535423847214
          2.312535423847214 2.312535423847214 2.312535423847214 2.312535423847214 2.312535423847214 2.312535423847214
          2.312535423847214 2.312535423847214 2.312535423847214 2.312535423847214 2.312535423847214 2.312535423847214
          2.312535423847214 2.312535423847214 2.312535423847214 2.312535423847214 2.312535423847214 2.312535423847214
          2.2753108595973965 2.2739345710775747 2.273747279146358 2.2740398671045328 2.275760368908242 2.282957758861515
          2.312535423847214 2.312535423847214 2.2980155954114996 2.286111579791459 2.2851097811314562 2.303656485613008
          2.312535423847214 2.312535423847214 2.312535423847214 2.312535423847214 2.2679790240612334 2.2480393153716434
          2.2530695899522306 2.269577062748378 2.2933996077983387 2.312535423847214 2.312535423847214 2.312535423847214
          2.312535423847214 2.312535423847214 2.312535423847214 2.312535423847214 2.312535423847214 2.312535423847214
          2.312535423847214 2.312535423847214 2.312535423847214 2.312535423847214 2.312535423847214 2.312535423847214
          2.312535423847214 2.312535423847214 2.312535423847214 2.312535423847214 2.312535423847214 2.312535423847214
          2.312535423847214 2.312535423847214 2.312535423847214 2.312535423847214 2.312535423847214 2.312535423847214
          2.312535423847214 2.312535423847214 2.312535423847214 2.2744936814472747 2.27378374038173 2.273300531768071
          2.2752235928543914 2.2793903977078855 2.3017700218037493 2.312535423847214 2.312535423847214 2.2891302418778237
          2.2832705744594812 2.304308639943965 2.312535423847214 2.312535423847214 2.312535423847214 2.312535423847214
          2.285377883269558 2.2609200334765887 2.2599704089518458 2.275590219444327 2.2984851522522307 2.312535423847214
          2.312535423847214 2.312535423847214 2.312535423847214 2.312535423847214 2.312535423847214 2.312535423847214
          2.312535423847214 2.312535423847214 2.312535423847214 2.312535423847214 2.312535423847214 2.312535423847214
          2.312535423847214 2.312535423847214 2.312535423847214 2.312535423847214 2.312535423847214 2.312535423847214
          2.312535423847214 2.312535423847214 2.312535423847214 2.312535423847214 2.312535423847214 2.312535423847214
          2.312535423847214 2.312535423847214 2.312535423847214 2.312535423847214 2.312535423847214 2.312535423847214
          2.273807586261381 2.273162278640054 2.274266713252764 2.2776763583256683 2.2909912649473734 2.312535423847214
          2.312535423847214 2.312535423847214 2.2928829331025926 2.2937609010021927 2.312535423847214 2.312535423847214
          2.312535423847214 2.312535423847214 2.2998136805158516 2.2702907762753957 2.2689915796768463 2.283101796010508
          2.303681491667881 2.312535423847214 2.312535423847214 2.312535423847214 2.312535423847214 2.312535423847214
          2.312535423847214 2.312535423847214 2.312535423847214 2.312535423847214 2.312535423847214 2.312535423847214
          2.312535423847214 2.312535423847214 2.312535423847214 2.312535423847214 2.312535423847214 2.312535423847214
          2.312535423847214 2.312535423847214 2.312535423847214 2.312535423847214 2.312535423847214 2.312535423847214
          2.312535423847214 2.312535423847214 2.312535423847214 2.312535423847214 2.312535423847214 2.312535423847214
          2.312535423847214 2.312535423847214 2.312535423847214 2.2734402527377826 2.273923457961838 2.2764681192299507
          2.285032171964184 2.312535423847214 2.312535423847214 2.312535423847214 2.310238825275277 2.302582762568293
          2.312535423847214 2.312535423847214 2.312535423847214 2.312535423847214 2.312535423847214 2.2863387010817067
          2.2817909656234394 2.292189795309914 2.312535423847214 2.312535423847214 2.312535423847214 2.312535423847214
          2.312535423847214 2.312535423847214 2.312535423847214 2.312535423847214 2.312535423847214 2.312535423847214
          2.312535423847214 2.312535423847214 2.312535423847214 2.312535423847214 2.312535423847214 2.312535423847214
          2.312535423847214 2.312535423847214 2.312535423847214 2.310528598311686 2.3102488576425544 2.3102774342421903
          2.312535423847214 2.312535423847214 2.312535423847214 2.312535423847214 2.312535423847214 2.312535423847214
          2.312535423847214 2.312535423847214 2.312535423847214 2.312535423847214 2.312535423847214 2.312535423847214
          2.2739691587287028 2.2758089769416094 2.283277992685075 2.3109797037036577 2.312535423847214 2.312535423847214
          2.312535423847214 2.312535423847214 2.312535423847214 2.312535423847214 2.312535423847214 2.312535423847214
          2.312535423847214 2.3046890179011665 2.2965682030982544 2.3061508590460855 2.312535423847214 2.312535423847214
          2.312535423847214 2.312535423847214 2.312535423847214 2.312535423847214 2.312535423847214 2.312535423847214
          2.312535423847214 2.312535423847214 2.312535423847214 2.312535423847214 2.312535423847214 2.312535423847214
          2.312535423847214 2.312535423847214 2.312535423847214 2.312535423847214 2.3028363409211914 2.306150734925648
          2.2961220053274274 2.2987197482868607 2.2966001100077245 2.300365100230324 2.2965787422050417 2.2957843483449265
          2.3055478234694577 2.3023762121731264 2.3042837832834193 2.3102614653175353 2.312535423847214 2.312535423847214
          2.312535423847214 2.312535423847214 2.312535423847214 2.275395319466926 2.2807629599039636 2.299149980143523
          2.312535423847214 2.312535423847214 2.312535423847214 2.312535423847214 2.312535423847214 2.312535423847214
          2.312535423847214 2.312535423847214 2.312535423847214 2.312535423847214 2.312535423847214 2.312535423847214
          2.312535423847214 2.312535423847214 2.312535423847214 2.312535423847214 2.312535423847214 2.312535423847214
          2.312535423847214 2.312535423847214 2.312535423847214 2.312535423847214 2.312535423847214 2.312535423847214
          2.312535423847214 2.312535423847214 2.312535423847214 2.312535423847214 2.312535423847214 2.303308525667448
          2.304707042805404 2.293627906387854 2.2919048434579095 2.291309270567081 2.2915411305108573 2.2874595856600277
          2.2888878306507743 2.286356268927827 2.286570282984323 2.29858355780442 2.294795405453197 2.2958906470012965
          2.301472503819468 2.3020572740575505 2.2988663078161555 2.3027836357083213 2.3110744192194335 2.3035903315123347
          2.279703273142937 2.2912849772108066 2.312535423847214 2.312535423847214 2.312535423847214 2.312535423847214
          2.312535423847214 2.312535423847214 2.312535423847214 2.312535423847214 2.312535423847214 2.312535423847214
          2.312535423847214 2.312535423847214 2.312535423847214 2.312535423847214 2.312535423847214 2.312535423847214
          2.312535423847214 2.312535423847214 2.312535423847214 2.312535423847214 2.312535423847214 2.312535423847214
          2.312535423847214 2.312535423847214 2.312535423847214 2.312535423847214 2.312535423847214 2.312535423847214
          2.3071298351205494 2.3003023327029894 2.291200184086534 2.289400752611786 2.2855156229484197 2.2853783290527794
          2.286799106606602 2.283956220770482 2.285994830974037 2.288193547612789 2.2828299440335336 2.2847549637196445
          2.2831170808582955 2.2951357390923897 2.290521264762813 2.291668289185197 2.2835191567324444 2.293979023288128
          2.287752310691581 2.289068474791541 2.290185124725039 2.2868561930955047 2.312535423847214 2.312535423847214
          2.312535423847214 2.312535423847214 2.312535423847214 2.312535423847214 2.312535423847214 2.312535423847214
          2.312535423847214 2.312535423847214 2.312535423847214 2.312535423847214 2.312535423847214 2.312535423847214
          2.312535423847214 2.312535423847214 2.312535423847214 2.312535423847214 2.312535423847214 2.312535423847214
          2.312535423847214 2.312535423847214 2.312535423847214 2.312535423847214 2.312535423847214 2.312535423847214
          2.312535423847214 2.311174484123828 2.2975235798847526 2.291247355828964 2.287915334664235 2.284318064896616
          2.283043283021772 2.283090735353635 2.281705082307467 2.2818134893122823 2.2826015504046544 2.282847484756959
          2.2806311576677616 2.2808235402196173 2.2794825495567355 2.2831887399028648 2.28208445370115 2.2812208760662287
          2.2833372966293157 2.2817266980244484 2.286155822841254 2.2859268037926186 2.2840757222872057 2.2834555364225486
          2.3016760709469346 2.312535423847214 2.312535423847214 2.312535423847214 2.312535423847214 2.312535423847214
          2.312535423847214 2.312535423847214 2.312535423847214 2.312535423847214 2.312535423847214 2.312535423847214
          2.312535423847214 2.312535423847214 2.312535423847214 2.312535423847214 2.312535423847214 2.312535423847214
          2.312535423847214 2.312535423847214 2.312535423847214 2.312535423847214 2.312535423847214 2.312535423847214
          2.312535423847214 2.312535423847214 2.312535423847214 2.3024912603323853 2.2929662245404403 2.288831887651828
          2.2856098469807615 2.284061177770259 2.282266864143946 2.2816023953671465 2.280747161726304 2.280646972337623
          2.280480325354401 2.2797903717278794 2.2804732345292824 2.279010411265563 2.2789682395620363 2.2819175920252475
          2.2787270647513793 2.2786385887535885 2.2783839630432063 2.282080902759042 2.280513703369363 2.281614971718657
          2.2816679689021653 2.2818097076252544 2.2798291419261902 2.312535423847214 2.312535423847214 2.312535423847214
          2.312535423847214 2.312535423847214 2.312535423847214 2.312535423847214 2.312535423847214 2.312535423847214
          2.312535423847214 2.312535423847214 2.312535423847214 2.312535423847214 2.312535423847214 2.312535423847214
          2.312535423847214 2.312535423847214 2.312535423847214 2.312535423847214 2.312535423847214 2.312535423847214
          2.312535423847214 2.312535423847214 2.312535423847214 2.312535423847214 2.306703914190187 2.2973977792462867
          2.2897100908703925 2.2861621322767007 2.2847026192724025 2.2825322850588554 2.281318225052682 2.28101904673325
          2.2805547997384217 2.279905501583775 2.2797992603128154 2.2798957183497186 2.2793530504195436 2.2786338548515452
          2.2783474108637387 2.278248938706737 2.27853466801953 2.278235534039117 2.2787062700664684 2.279087657620703
          2.2785802546122045 2.278339520268665 2.2791369849388157 2.278664103988975 2.2787190035069753 2.279381987260711
          2.312535423847214 2.312535423847214 2.312535423847214 2.312535423847214 2.312535423847214 2.312535423847214
          2.312535423847214 2.312535423847214 2.312535423847214 2.312535423847214 2.312535423847214 2.312535423847214
          2.312535423847214 2.312535423847214 2.312535423847214 2.312535423847214 2.312535423847214 2.312535423847214
          2.312535423847214 2.312535423847214 2.312535423847214 2.312535423847214 2.312535423847214 2.312535423847214
          2.3006634684464267 2.2928744785094928 2.2882067861720423 2.2859347765787863 2.2825798249550746 2.281811202071709
          2.2814477822552557 2.280818544534026 2.2805756737276854 2.2797315402813405 2.2796942791976953 2.278958907358401
          2.2787242281847178 2.2790184733754173 2.278410194273769 2.278126638037236 2.278131206603356 2.2778078170416323
          2.2777962195061328 2.277890713575979 2.2775302605520653 2.278024709195391 2.278212114660256 2.2782819201531024
          2.2785376885307773 2.278237894980074 2.2786153955614767 2.312535423847214 2.312535423847214 2.312535423847214
          2.312535423847214 2.312535423847214 2.312535423847214 2.312535423847214 2.312535423847214 2.312535423847214
          2.312535423847214 2.312535423847214 2.312535423847214 2.312535423847214 2.312535423847214 2.312535423847214
          2.312535423847214 2.312535423847214 2.312535423847214 2.312535423847214 2.312535423847214 2.312535423847214
          2.312535423847214 2.3059259681355355 2.29587404623953 2.2902499261332054 2.286409111079496 2.2890088290167387
          2.282856810561182 2.2815179993012524 2.2808534246988033 2.2802838077131145 2.280085856126608 2.2786190786033047
          2.279478985435604 2.2787285502366137 2.278460126379988 2.278465108277298 2.278372102647501 2.27823429248325
          2.277941303339918 2.2781480608964118 2.277596612326236 2.2775841093623224 2.277533693975735 2.2773550641487823
          2.278061622529535 2.278129700194358 2.2781896232767673 2.2782048515031645 2.2779352747961523 2.278600531745361
          2.312535423847214 2.312535423847214 2.312535423847214 2.312535423847214 2.312535423847214 2.312535423847214
          2.312535423847214 2.312535423847214 2.312535423847214 2.312535423847214 2.312535423847214 2.312535423847214
          2.312535423847214 2.312535423847214 2.312535423847214 2.312535423847214 2.312535423847214 2.312535423847214
          2.312535423847214 2.312535423847214 2.312535423847214 2.2994742394800456 2.293095425428223 2.2878580702077977
          2.2850140811475614 2.283538660893962 2.2823696605394845 2.2807092296098794 2.2802334245661364 2.280166319336542
          2.279851800899776 2.279379140080726 2.2789702261454132 2.2790301299244407 2.2784041905033527 2.278376184591646
          2.278095092086206 2.2781122915261203 2.27824664492469 2.278223582839301 2.278029202066268 2.2780526128895833
          2.277819628374995 2.277856415855829 2.2781610591384953 2.2780448762212404 2.2780363866135422 2.2776411480106336
          2.278041273234377 2.2778754882839385 2.2781049686471215 2.312535423847214 2.312535423847214 2.312535423847214
          2.312535423847214 2.312535423847214 2.312535423847214 2.312535423847214 2.312535423847214 2.312535423847214
          2.312535423847214 2.312535423847214 2.312535423847214 2.312535423847214 2.312535423847214 2.312535423847214
          2.312535423847214 2.312535423847214 2.312535423847214 2.312535423847214 2.312535423847214 2.296580846412712
          2.2919219942985443 2.2868822487707807 2.2843682326514583 2.282882197755596 2.2818486157809654 2.2806826436987304
          2.280607372800202 2.280396870751299 2.2792308515944906 2.279289062757431 2.2792673580173477 2.278943640682821
          2.2787152496922887 2.27830336068351 2.27801994846883 2.2783344359791973 2.278317750587697 2.2779336133261863
          2.278036922233148 2.2780897143604353 2.2776733289439615 2.2781449242682936 2.2804587816932496 2.2781672597519464
          2.2778639085661188 2.277835180268869 2.2777203063826654 2.277937960104925 2.278074860460316 2.2778412580610587
          2.312535423847214 2.312535423847214 2.312535423847214 2.312535423847214 2.312535423847214 2.312535423847214
          2.312535423847214 2.312535423847214 2.312535423847214 2.312535423847214 2.312535423847214 2.312535423847214
          2.312535423847214 2.312535423847214 2.312535423847214 2.312535423847214 2.312535423847214 2.312535423847214
          2.312535423847214 2.303384278528969 2.2922519794829475 2.2863233516759958 2.283514630942667 2.2827063373524425
          2.281826984073458 2.280659504573347 2.2804751809735815 2.2798119417217118 2.2796118877080227 2.2790156342169983
          2.2790157727718787 2.279085639844882 2.2785609316335065 2.278550277790284 2.2781968498330585 2.278145436379651
          2.278001541880076 2.2779797667554393 2.278248194705974 2.2778662381731616 2.2777900071260553 2.278233869051737
          2.277961304703618 2.277982002332888 2.2781269331924303 2.2778874640051043 2.2777543159262725 2.2778146466826623
          2.277718067477892 2.2778911016865377 2.2778397221216045 
        </DataArray>
      </PointData>
      <CellData>
        <DataArray type="Float32" Name="averaged zvalue" NumberOfComponents="1" format="ascii" RangeMin="2.2111583083942508" RangeMax="2.312535423847214">
          2.2784542628575775 2.2779613425452454 2.2771277914272137 2.2761311244181224 2.2754469063926734 2.2752168074817005
          2.2753185396706503 2.27554566885097 2.2757420884230335 2.275772224574246 2.2755418348742076 2.2751642568794512
          2.2748153849551382 2.274666977428581 2.2747055532619163 2.2747880959591575 2.2748576870518704 2.2749541247832967
          2.27511112538352 2.275337476743707 2.2756824709068697 2.276247391735435 2.277225328929735 2.279392435629828
          2.283429525126885 2.293247216369547 2.306552142357738 2.312535423847214 2.312535423847214 2.303400303962587
          2.28465590636648 2.2747468912365427 2.2785644631389315 2.295804209782508 2.310731035476226 2.312535423847214
          2.312535423847214 2.312535423847214 2.312535423847214 2.312535423847214 2.312535423847214 2.312535423847214
          2.312535423847214 2.312535423847214 2.312535423847214 2.312535423847214 2.312535423847214 2.312535423847214
          2.312535423847214 2.312535423847214 2.2778015790260793 2.277078263087761 2.2761292295163997 2.2754113179942292
          2.2751528241420313 2.2752126462668043 2.275411430747255 2.27560273517425 2.2756830266069947 2.2755023936689387
          2.2751433640609773 2.274829436852213 2.274660175138401 2.2746719361063947 2.274763789042739 2.2748435573613173
          2.274938272154377 2.275080502436406 2.2752865452128628 2.2756005572682527 2.276138281162025 2.27707401399089
          2.2791170043685645 2.283051967854301 2.2930772139801716 2.306577444011639 2.312535423847214 2.312535423847214
          2.3031588866707415 2.284175111715983 2.2743497489869946 2.276363682266151 2.2896347902880154 2.3066046319636175
          2.312535423847214 2.312535423847214 2.312535423847214 2.312535423847214 2.312535423847214 2.312535423847214
          2.312535423847214 2.312535423847214 2.312535423847214 2.312535423847214 2.312535423847214 2.312535423847214
          2.312535423847214 2.312535423847214 2.312535423847214 2.312535423847214 2.276857186211054 2.2760240691138973
          2.275322425591072 2.275099757160151 2.2751377556789323 2.2752552731806928 2.275441844178398 2.275545207722218
          2.275441279517771 2.2751295042997093 2.274822154872499 2.2746564016685307 2.2746477577468274 2.274740389120189
          2.2748276523938267 2.2749178421828953 2.2750503253189756 2.275236738477856 2.2755116257897403 2.2759964565468405
          2.276879050128141 2.27883059271796 2.282659268562896 2.292693647759152 2.306411138680417 2.312535423847214
          2.312535423847214 2.303620780659042 2.2844727583762836 2.27409440551612 2.2753935943239973 2.28631259803724
          2.304161431512121 2.312535423847214 2.312535423847214 2.312535423847214 2.312535423847214 2.312535423847214
          2.312535423847214 2.312535423847214 2.312535423847214 2.312535423847214 2.312535423847214 2.312535423847214
          2.312535423847214 2.312535423847214 2.312535423847214 2.312535423847214 2.312535423847214 2.312535423847214
          2.2759247620936023 2.2752415884318125 2.27500875782151 2.2750734263034547 2.275154828877679 2.275280606339993
          2.275403166193078 2.275341626513089 2.2750868916177813 2.274813775724953 2.2746505814609614 2.2746363553408524
          2.2747235386470317 2.2748248232974175 2.274908979144681 2.2750223755298506 2.2751836990601086 2.275435813474086
          2.2758725840687006 2.2766981704175993 2.2785281952501055 2.282191795313094 2.2923423871536777 2.30632223081196
          2.312535423847214 2.312535423847214 2.303044914083462 2.284409600637341 2.2746017139925625 2.2748895885302876
          2.280122705463286 2.297860380734333 2.3119256602098646 2.312535423847214 2.312535423847214 2.312535423847214
          2.312535423847214 2.312535423847214 2.312535423847214 2.312535423847214 2.312535423847214 2.312535423847214
          2.312535423847214 2.312535423847214 2.312535423847214 2.312535423847214 2.312535423847214 2.312535423847214
          2.312535423847214 2.312535423847214 2.2751770452989923 2.2749175656099982 2.274999540639785 2.2750789337781407
          2.2751345608336164 2.2752496592704743 2.275263735918915 2.2750659224042433 2.2748046958557686 2.2746456899322554
          2.274613904723997 2.274700855546212 2.2748111128313058 2.2748993550153918 2.275002216703936 2.275149604272552
          2.2753695014112245 2.2757630452920403 2.276509364020675 2.2782167719187645 2.28175441887134 2.2919371315555797
          2.306169353818455 2.312535423847214 2.312535423847214 2.3035267124573235 2.2843113701402533 2.2740945024223156
          2.274685867034639 2.2776216946094667 2.290665141140674 2.3069548926736747 2.312535423847214 2.312535423847214
          2.312535423847214 2.312535423847214 2.312535423847214 2.312535423847214 2.312535423847214 2.312535423847214
          2.312535423847214 2.312535423847214 2.312535423847214 2.312535423847214 2.312535423847214 2.312535423847214
          2.312535423847214 2.312535423847214 2.312535423847214 2.312535423847214 2.274835612817069 2.27490571479808
          2.2750150804575826 2.27505241076703 2.2751279155927686 2.2751441402803434 2.275018788349964 2.274806104569477
          2.2746399206421914 2.274598072968541 2.274680139541263 2.2747962336543868 2.274884837909326 2.274977646452325
          2.275104644809092 2.2753090976893047 2.275657804265264 2.276331257786828 2.2778493417829786 2.2812206122072918
          2.2915353661745526 2.306039445125601 2.312535423847214 2.312535423847214 2.3037976391905715 2.2851510360464937
          2.274651835678114 2.274598861805187 2.2764902543291683 2.2878031777433647 2.3051487702444056 2.312535423847214
          2.312535423847214 2.312535423847214 2.312535423847214 2.312535423847214 2.312535423847214 2.312535423847214
          2.312535423847214 2.312535423847214 2.312535423847214 2.312535423847214 2.312535423847214 2.312535423847214
          2.312535423847214 2.312535423847214 2.312535423847214 2.312535423847214 2.312535423847214 2.312535423847214
          2.274824183388021 2.274950972439416 2.2750017307809207 2.2750399683723543 2.2750725715232503 2.2749844110900708
          2.2748067879551455 2.274650479218793 2.2745864560087092 2.274645911236419 2.274773672285499 2.274874485555792
          2.274956058965687 2.2750752375753684 2.275252291762947 2.275569960234047 2.2761712468454305 2.277519450712956
          2.2806732058167443 2.2910739656793173 2.305907160232846 2.312535423847214 2.312535423847214 2.303505221668229
          2.2851924495076767 2.275071235899296 2.2746411107190188 2.275988856501581 2.282407732759683 2.300211402764487
          2.312535423847214 2.312535423847214 2.312535423847214 2.312535423847214 2.312535423847214 2.312535423847214
          2.312535423847214 2.312535423847214 2.312535423847214 2.312535423847214 2.312535423847214 2.312535423847214
          2.312535423847214 2.312535423847214 2.312535423847214 2.312535423847214 2.312535423847214 2.312535423847214
          2.312535423847214 2.312535423847214 2.274868892529666 2.2749657134672887 2.2749959681057423 2.2750126645001325
          2.2749538865660535 2.2748156106066277 2.274670355114979 2.2745903007231667 2.2746192604195494 2.274732230739467
          2.274848542915563 2.27494003671662 2.2750443395574154 2.275211700896992 2.27549619701768 2.2760312652811647
          2.2772601742556438 2.280238643513633 2.2906666901063404 2.3057621148089678 2.312535423847214 2.312535423847214
          2.303364046688877 2.2848985769552614 2.2750989912830097 2.2748457925863295 2.275784478532934 2.279263940313201
          2.2932207222129968 2.308459928863025 2.312535423847214 2.312535423847214 2.312535423847214 2.312535423847214
          2.312535423847214 2.312535423847214 2.312535423847214 2.312535423847214 2.312535423847214 2.312535423847214
          2.312535423847214 2.312535423847214 2.312535423847214 2.312535423847214 2.312535423847214 2.312535423847214
          2.312535423847214 2.312535423847214 2.312535423847214 2.312535423847214 2.2748974352626266 2.2749458829567155
          2.274968818163899 2.2749215241351344 2.274812460195296 2.274690247886231 2.2746058394759276 2.274608406877341
          2.2746969506340964 2.2748147147265585 2.274919455064484 2.2750215072964064 2.2751728905204267 2.275426212810936
          2.27590889997986 2.277009536222857 2.2796039427170163 2.290095867893114 2.3056534017199057 2.312535423847214
          2.312535423847214 2.305938201143367 2.287359762091733 2.275212619725922 2.275187198808021 2.275833495672889
          2.278026894176777 2.2894947575692166 2.3059052190348632 2.312535423847214 2.312535423847214 2.312535423847214
          2.312535423847214 2.312535423847214 2.312535423847214 2.312535423847214 2.312535423847214 2.3107182780477773
          2.307145220852454 2.3089623666518904 2.312535423847214 2.312535423847214 2.312535423847214 2.312535423847214
          2.312535423847214 2.312535423847214 2.312535423847214 2.312535423847214 2.312535423847214 2.312535423847214
          2.274914249083829 2.274913270614405 2.2748972687186804 2.274811250819357 2.2746971234161406 2.274618841223934
          2.2746111399389326 2.2746719293842577 2.274772237793472 2.2748870276424986 2.275001706590907 2.2751408108150963
          2.2753656315627797 2.27579260674631 2.276770946092009 2.2792780925463085 2.28957804148059 2.3053002373028377
          2.312535423847214 2.312535423847214 2.306289019583892 2.2903030614334488 2.2778388069559052 2.2752781963633346
          2.2758548415820568 2.277460905955216 2.28742284529194 2.3043633496617946 2.312535423847214 2.312535423847214
          2.312535423847214 2.312535423847214 2.312535423847214 2.312535423847214 2.312535423847214 2.312535423847214
          2.3082526411163258 2.3002966765948414 2.298142943488045 2.3060989080095293 2.312535423847214 2.312535423847214
          2.312535423847214 2.312535423847214 2.312535423847214 2.312535423847214 2.312535423847214 2.312535423847214
          2.312535423847214 2.312535423847214 2.2749116721214433 2.274882549662882 2.2748162218840475 2.2747221476823425
          2.2746335728750915 2.2746072270059052 2.2746524686270515 2.274733573483961 2.2748440190105104 2.274966715343153
          2.275105583487083 2.2753252698976056 2.2757095304877657 2.2765830113211067 2.278845167104791 2.289220037020775
          2.3052475464881126 2.312535423847214 2.312535423847214 2.306368934263132 2.29081204493147 2.2783332965193943
          2.2754190983169367 2.2758758790767466 2.277132336917271 2.283220279867997 2.29987176482696 2.3119722791125814
          2.312535423847214 2.312535423847214 2.312535423847214 2.312535423847214 2.312535423847214 2.312535423847214
          2.312535423847214 2.3055895257635526 2.2909628968887565 2.285767694522548 2.2963695050469948 2.3085106054968647
          2.312535423847214 2.312535423847214 2.312535423847214 2.312535423847214 2.312535423847214 2.312535423847214
          2.312535423847214 2.312535423847214 2.312535423847214 2.312535423847214 2.274874117869322 2.274811607110805
          2.274724269324551 2.274645080799532 2.2746124165797794 2.274645010237389 2.2747090406194688 2.2748071159320205
          2.274933560837277 2.2750742818529135 2.2752782568636887 2.275636138485839 2.2764307124946366 2.2786468840810783
          2.2889388665886443 2.3050566418381164 2.312535423847214 2.312535423847214 2.3085897378019995 2.2932520830829923
          2.278657640737544 2.2756194844351736 2.276018251506077 2.2770352340636757 2.2815116450012773 2.294817539741617
          2.3084824901237737 2.312535423847214 2.312535423847214 2.312535423847214 2.312535423847214 2.312535423847214
          2.312535423847214 2.312535423847214 2.304533121121242 2.285462499305399 2.2720999670860422 2.2794448161324983
          2.2996482913698397 2.311374064139226 2.312535423847214 2.312535423847214 2.312535423847214 2.312535423847214
          2.312535423847214 2.312535423847214 2.312535423847214 2.312535423847214 2.312535423847214 2.312535423847214
          2.2748055615327565 2.2747189562100476 2.2746411098196484 2.274607001136502 2.274634467802838 2.2746896357061734
          2.274770172291357 2.27489667867174 2.2750396038817398 2.2752304482784735 2.275556039079456 2.276260003154773
          2.278091622726042 2.2884912809307623 2.3050475153117063 2.312535423847214 2.312535423847214 2.310486650137859
          2.297368127941254 2.2810062352837295 2.275669448338932 2.2759571001210706 2.2769706340856155 2.2804144645564928
          2.292479790165501 2.3071589742793646 2.312535423847214 2.312535423847214 2.312535423847214 2.312535423847214
          2.312535423847214 2.312535423847214 2.312535423847214 2.303906499918774 2.281789098736252 2.263996401195025
          2.26662971098068 2.2850455475431968 2.3045296389400636 2.312535423847214 2.312535423847214 2.312535423847214
          2.312535423847214 2.312535423847214 2.312535423847214 2.312535423847214 2.312535423847214 2.312535423847214
          2.312535423847214 2.312535423847214 2.2747275294654536 2.2746488587543947 2.2746016977990315 2.274617904484653
          2.2746694073035316 2.2747344402875953 2.2748462465933224 2.2749974110292555 2.2751877770870577 2.2754983044559367
          2.2761093427776107 2.277942505785002 2.2880958087498975 2.3046819746660168 2.312535423847214 2.312535423847214
          2.3112185507943592 2.300051539103021 2.282980675455036 2.275672624585259 2.275748577698552 2.2766414164910342
          2.279579293112054 2.2908901752222413 2.3062640821887688 2.312535423847214 2.312535423847214 2.312535423847214
          2.312535423847214 2.312535423847214 2.312535423847214 2.312535423847214 2.3029809607764777 2.2792653968149232
          2.257184499406985 2.2527036154055002 2.2700943990433995 2.2960085531408527 2.3102531299816276 2.312535423847214
          2.312535423847214 2.312535423847214 2.312535423847214 2.312535423847214 2.312535423847214 2.312535423847214
          2.312535423847214 2.312535423847214 2.312535423847214 2.312535423847214 2.2746471548489944 2.274607442652625
          2.2746047538421816 2.27464583795529 2.2747073748361766 2.274806690386989 2.2749536134499326 2.2751382697326044
          2.2754298901708196 2.2760008422652973 2.2776418607350895 2.28791514873812 2.304732935397019 2.312535423847214
          2.312535423847214 2.310937556205934 2.3005631708621803 2.2838050962677663 2.2757361613782696 2.2757645632035945
          2.2765061205486035 2.2789873911624876 2.2897831516278533 2.305629421424337 2.312535423847214 2.312535423847214
          2.312535423847214 2.312535423847214 2.312535423847214 2.312535423847214 2.312535423847214 2.3042842204860787
          2.2790817422679046 2.253090181356494 2.2439630565745876 2.255048484707531 2.2823995571411992 2.3055568932808015
          2.312535423847214 2.312535423847214 2.312535423847214 2.312535423847214 2.312535423847214 2.312535423847214
          2.312535423847214 2.312535423847214 2.312535423847214 2.312535423847214 2.312535423847214 2.312535423847214
          2.274592174503462 2.274596376329935 2.2746253287405587 2.274679551215296 2.274768804137903 2.2749082784415204
          2.2750943695617005 2.2753529752806183 2.275869986067103 2.2772860909349157 2.2874871594762065 2.3045834381884203
          2.312535423847214 2.312535423847214 2.312535423847214 2.301939972625042 2.2836043301884072 2.2756762128422836
          2.275604877876372 2.2762503104800387 2.278581998443218 2.287875632973693 2.3039509224130605 2.312535423847214
          2.312535423847214 2.312535423847214 2.312535423847214 2.312535423847214 2.312535423847214 2.312535423847214
          2.3054136799478018 2.281383880961374 2.251999487660391 2.2373528613764293 2.2439869636711887 2.267654437590168
          2.2963294161747205 2.311338367526131 2.312535423847214 2.312535423847214 2.312535423847214 2.312535423847214
          2.312535423847214 2.312535423847214 2.312535423847214 2.312535423847214 2.312535423847214 2.312535423847214
          2.312535423847214 2.312535423847214 2.274577108471404 2.27460551175004 2.274649235825033 2.2747308394850037
          2.2748670906604844 2.275041264369032 2.2752790421592106 2.2757279713760346 2.276976631695735 2.2870553004049023
          2.304361370984556 2.312535423847214 2.312535423847214 2.312535423847214 2.3035808562312363 2.2852970630077154
          2.2756581900460735 2.2754268484172853 2.2759554502045583 2.277987963208234 2.2855882083911956 2.30075408094645
          2.311218674553835 2.312535423847214 2.312535423847214 2.312535423847214 2.312535423847214 2.312535423847214
          2.312535423847214 2.3066243844273573 2.2838189414003542 2.251764594681673 2.2322176541963987 2.233646261561326
          2.2539483934500057 2.2847340067862536 2.3067842584098517 2.312535423847214 2.312535423847214 2.312535423847214
          2.312535423847214 2.312535423847214 2.312535423847214 2.312535423847214 2.312535423847214 2.312535423847214
          2.312535423847214 2.312535423847214 2.312535423847214 2.312535423847214 2.2745827471662543 2.2746239254188874
          2.274693289289922 2.27481655295061 2.274984324895433 2.275200550328427 2.275610097856964 2.2766095490462415
          2.2865958419631705 2.304201894920345 2.312535423847214 2.312535423847214 2.312535423847214 2.3035798020300846
          2.2852988585052922 2.275583198903264 2.2752921866119626 2.275802796500579 2.277623439138301 2.2845185039210736
          2.2982648678116524 2.3095304745594203 2.312535423847214 2.312535423847214 2.312535423847214 2.312535423847214
          2.312535423847214 2.312535423847214 2.308721585407188 2.287477033424313 2.2539225279695785 2.230076348099242
          2.226847674697991 2.2425359132184175 2.271210132639605 2.3006126259723905 2.312535423847214 2.312535423847214
          2.312535423847214 2.312535423847214 2.312535423847214 2.312535423847214 2.312535423847214 2.312535423847214
          2.312535423847214 2.312535423847214 2.312535423847214 2.312535423847214 2.312535423847214 2.312535423847214
          2.2745970750383324 2.27466631966457 2.2747754772101154 2.2749305779130564 2.275127105609292 2.2755070308211565
          2.2763598020754756 2.286168734965718 2.303967408669909 2.312535423847214 2.312535423847214 2.312535423847214
          2.3038276261159387 2.285546974547021 2.275541054117612 2.2751292233771325 2.275590411482772 2.2773283134887157
          2.2834357422404663 2.296821180761364 2.3089662820646577 2.312535423847214 2.312535423847214 2.312535423847214
          2.312535423847214 2.312535423847214 2.312535423847214 2.31095199365411 2.2936920125500526 2.2587825243616027
          2.2295845919855033 2.2213745321286438 2.2342289310930186 2.260914432371619 2.291582706708498 2.30960018366831
          2.312535423847214 2.312535423847214 2.312535423847214 2.312535423847214 2.312535423847214 2.312535423847214
          2.312535423847214 2.312535423847214 2.312535423847214 2.312535423847214 2.312535423847214 2.312535423847214
          2.312535423847214 2.312535423847214 2.2746329064638373 2.2747353199338485 2.274879257967178 2.275061765614524
          2.2754101540130476 2.2760974142951564 2.2858135428396293 2.3038130234923355 2.312535423847214 2.312535423847214
          2.312535423847214 2.304042097171962 2.2860014853008988 2.275747608291167 2.275026183536002 2.2754692016029696
          2.277179366576614 2.2830253727963656 2.295797175252427 2.308255354650691 2.312535423847214 2.312535423847214
          2.312535423847214 2.312535423847214 2.312535423847214 2.312535423847214 2.312535423847214 2.299093565077712
          2.2650484232252786 2.2322629468224413 2.218669370278962 2.2269861911214406 2.2505845868783374 2.28286363983852
          2.306903962477535 2.312535423847214 2.312535423847214 2.312535423847214 2.312535423847214 2.312535423847214
          2.312535423847214 2.312535423847214 2.312535423847214 2.312535423847214 2.312535423847214 2.312535423847214
          2.312535423847214 2.312535423847214 2.312535423847214 2.312535423847214 2.274698311231591 2.2748212442689644
          2.2749934183557308 2.275292421910434 2.275816849122868 2.285445211527584 2.3036384262684293 2.312535423847214
          2.312535423847214 2.312535423847214 2.304109722959055 2.286270937921634 2.2759350080847476 2.274928477133087
          2.2752233245983082 2.2769803611448123 2.2827443825746188 2.2953976619295693 2.3081004237595875 2.312535423847214
          2.312535423847214 2.312535423847214 2.312535423847214 2.312535423847214 2.312535423847214 2.312535423847214
          2.302473164823748 2.2707053551576233 2.2354186505299567 2.217926382689213 2.22109203627519 2.2425327933157235
          2.2740637358018203 2.3018830562681547 2.312535423847214 2.312535423847214 2.312535423847214 2.312535423847214
          2.312535423847214 2.312535423847214 2.312535423847214 2.312535423847214 2.312535423847214 2.312535423847214
          2.312535423847214 2.312535423847214 2.312535423847214 2.312535423847214 2.312535423847214 2.312535423847214
          2.274772555577512 2.274933575351126 2.2751849075711825 2.2756151587573066 2.2851620448330383 2.3034811192292084
          2.312535423847214 2.312535423847214 2.312535423847214 2.3041567987615794 2.2863631998367455 2.275851249094911
          2.2747853474118442 2.2751504580168667 2.2767498877161687 2.2823575884136154 2.2949708844739463 2.307888648998946
          2.312535423847214 2.312535423847214 2.312535423847214 2.312535423847214 2.312535423847214 2.312535423847214
          2.312535423847214 2.305063177902661 2.2765285277734115 2.2392403255780877 2.2175939976731733 2.2165548705411577
          2.233002570439306 2.2623648301911796 2.294985304708061 2.311422620228079 2.312535423847214 2.312535423847214
          2.312535423847214 2.312535423847214 2.312535423847214 2.312535423847214 2.312535423847214 2.312535423847214
          2.312535423847214 2.312535423847214 2.312535423847214 2.312535423847214 2.312535423847214 2.312535423847214
          2.312535423847214 2.312535423847214 2.2748843204017732 2.2751122623693547 2.2754209703586787 2.284948424034861
          2.3034168137680866 2.312535423847214 2.312535423847214 2.312535423847214 2.304763190919222 2.2870737298020494
          2.275986575171169 2.2746976862468626 2.274997136612853 2.2766264546889525 2.28177964311279 2.2943024149106006
          2.3077091636796445 2.312535423847214 2.312535423847214 2.312535423847214 2.312535423847214 2.312535423847214
          2.312535423847214 2.312535423847214 2.307648597444461 2.2835220718160723 2.245354324765734 2.2182793888483143
          2.2128211518866974 2.226067148185805 2.253007472109293 2.286233464870896 2.307805951362116 2.312535423847214
          2.312535423847214 2.312535423847214 2.312535423847214 2.312535423847214 2.312535423847214 2.312535423847214
          2.312535423847214 2.312535423847214 2.312535423847214 2.312535423847214 2.312535423847214 2.312535423847214
          2.312535423847214 2.312535423847214 2.312535423847214 2.312535423847214 2.275035139607416 2.2752786292324725
          2.28475868597744 2.303327868566225 2.312535423847214 2.312535423847214 2.312535423847214 2.305423165381275
          2.28834316424204 2.276630640696596 2.2747242678218087 2.27491593822665 2.276323469612325 2.280780050859308
          2.293120126741745 2.3072966571013036 2.312535423847214 2.312535423847214 2.312535423847214 2.312535423847214
          2.312535423847214 2.312535423847214 2.312535423847214 2.310549728219244 2.2907279063387707 2.252311852350469
          2.2206715910764916 2.2111583083942508 2.2218658737205272 2.2449446499795878 2.278542099070327 2.305378355109779
          2.312535423847214 2.312535423847214 2.312535423847214 2.312535423847214 2.312535423847214 2.312535423847214
          2.312535423847214 2.312535423847214 2.312535423847214 2.312535423847214 2.312535423847214 2.312535423847214
          2.312535423847214 2.312535423847214 2.312535423847214 2.312535423847214 2.312535423847214 2.312535423847214
          2.2751119868269862 2.284598696299266 2.303262564514819 2.312535423847214 2.312535423847214 2.312535423847214
          2.3083401169235875 2.291989546604693 2.277356240963191 2.274610966874595 2.27456137541468 2.27591729126766
          2.2798746922252997 2.2916847992190705 2.3066056022864747 2.312535423847214 2.312535423847214 2.3090202062992327
          2.3090202062992327 2.312535423847214 2.312535423847214 2.312535423847214 2.312535423847214 2.298373614983561
          2.2608755187212988 2.2250072442680664 2.2114548271013077 2.2182046318383044 2.2401187387513573 2.2706086429757146
          2.2997450494916825 2.312535423847214 2.312535423847214 2.312535423847214 2.312535423847214 2.312535423847214
          2.312535423847214 2.312535423847214 2.312535423847214 2.312535423847214 2.312535423847214 2.312535423847214
          2.312535423847214 2.312535423847214 2.312535423847214 2.312535423847214 2.312535423847214 2.312535423847214
          2.312535423847214 2.312535423847214 2.2784452049218564 2.297198760397625 2.312535423847214 2.312535423847214
          2.312535423847214 2.3089207675951915 2.2956028525343517 2.280487361065864 2.2747604477382968 2.274456173857283
          2.275311826686826 2.2787709224402897 2.290488884389859 2.306064210237919 2.312535423847214 2.312535423847214
          2.3055272526613453 2.302012035113364 2.3090202062992327 2.312535423847214 2.312535423847214 2.312535423847214
          2.3034462155458657 2.2708281188848565 2.230702682506288 2.2118603186262202 2.216193128648371 2.234889843598645
          2.264254653758308 2.2947162429051584 2.3102332674032606 2.312535423847214 2.312535423847214 2.312535423847214
          2.312535423847214 2.312535423847214 2.312535423847214 2.312535423847214 2.312535423847214 2.312535423847214
          2.312535423847214 2.312535423847214 2.312535423847214 2.312535423847214 2.312535423847214 2.312535423847214
          2.312535423847214 2.312535423847214 2.312535423847214 2.312535423847214 2.288089927096261 2.306533302115494
          2.312535423847214 2.312535423847214 2.312221303775737 2.299528564798677 2.2811720831015716 2.2747516692767493
          2.274381651704109 2.275042045810089 2.2777510874875757 2.286624919040997 2.302956496704732 2.312535423847214
          2.312535423847214 2.3058487930153846 2.2921745734642336 2.2988612042960628 2.312535423847214 2.312535423847214
          2.312535423847214 2.3065038280987307 2.2791771290030427 2.2390541623136277 2.2142192921087624 2.213723986336529
          2.230333273694024 2.257126883466768 2.288625826442792 2.3084820848801795 2.312535423847214 2.312535423847214
          2.312535423847214 2.312535423847214 2.312535423847214 2.312535423847214 2.312535423847214 2.312535423847214
          2.312535423847214 2.312535423847214 2.312535423847214 2.312535423847214 2.312535423847214 2.312535423847214
          2.312535423847214 2.312535423847214 2.312535423847214 2.312535423847214 2.312535423847214 2.312535423847214
          2.303469931397909 2.312535423847214 2.312535423847214 2.312535423847214 2.3033735337370125 2.2847852297371283
          2.274817403683169 2.274196833796776 2.27460374362076 2.2767943680337193 2.2835170991383906 2.2979916977931385
          2.3099917730286434 2.312535423847214 2.303369329295112 2.291005378969227 2.293505425156046 2.3058693754819313
          2.312535423847214 2.312535423847214 2.31003968898999 2.288791086908561 2.248463536199214 2.2180792574627004
          2.2129921838384035 2.2273309064156996 2.2506962225994074 2.281182227216435 2.3057272702235947 2.312535423847214
          2.312535423847214 2.312535423847214 2.312535423847214 2.312535423847214 2.312535423847214 2.312535423847214
          2.312535423847214 2.312535423847214 2.312535423847214 2.312535423847214 2.312535423847214 2.312535423847214
          2.312535423847214 2.312535423847214 2.312535423847214 2.312535423847214 2.312535423847214 2.312535423847214
          2.312535423847214 2.312535423847214 2.312535423847214 2.312535423847214 2.312535423847214 2.303869086267129
          2.28562729152281 2.275129739735603 2.2741282994455165 2.2743740867443916 2.275950502687841 2.281028247643494
          2.2942207131370345 2.3080610702497983 2.312535423847214 2.3045651861303154 2.2861523024197528 2.288445220642595
          2.3068581043531577 2.312535423847214 2.312535423847214 2.312535423847214 2.2973162332240946 2.259494473135519
          2.2248560046676946 2.2143297033188976 2.2244529922878353 2.2467724844195573 2.276706453512025 2.3027350228176764
          2.312535423847214 2.312535423847214 2.312535423847214 2.312535423847214 2.312535423847214 2.312535423847214
          2.312535423847214 2.312535423847214 2.312535423847214 2.312535423847214 2.312535423847214 2.312535423847214
          2.312535423847214 2.312535423847214 2.312535423847214 2.312535423847214 2.312535423847214 2.312535423847214
          2.312535423847214 2.312535423847214 2.312535423847214 2.312535423847214 2.312535423847214 2.312535423847214
          2.3041985188607796 2.286176643052102 2.275490851853024 2.2742306406179864 2.2741762092728095 2.2753213694769245
          2.2788817954820866 2.2911963791602163 2.3067130806857437 2.312535423847214 2.3048899422262124 2.2876783477996816
          2.280916570865939 2.2981281652924697 2.312535423847214 2.312535423847214 2.312535423847214 2.303576307620455
          2.270399158600685 2.2318233741464715 2.216902752603877 2.224210851258354 2.2432873232601707 2.2711807670615376
          2.3001056476925372 2.3124390059176663 2.312535423847214 2.312535423847214 2.312535423847214 2.312535423847214
          2.312535423847214 2.312535423847214 2.312535423847214 2.312535423847214 2.312535423847214 2.312535423847214
          2.312535423847214 2.312535423847214 2.312535423847214 2.312535423847214 2.312535423847214 2.312535423847214
          2.312535423847214 2.312535423847214 2.312535423847214 2.312535423847214 2.312535423847214 2.312535423847214
          2.312535423847214 2.3046096887880205 2.2870320686919094 2.27600480313422 2.274321841298606 2.2741369387332453
          2.274875851751637 2.2773270018904266 2.2856465980920406 2.302333351135494 2.312535423847214 2.305635727652362
          2.2888866853952328 2.2790015546198092 2.2905901274806544 2.30737495445093 2.312535423847214 2.312535423847214
          2.3070296207869236 2.2803397758996153 2.2416232853981137 2.2220074880167484 2.225535420245043 2.241714880995768
          2.26738572157468 2.2953849769860093 2.310408497740594 2.312535423847214 2.312535423847214 2.312535423847214
          2.312535423847214 2.312535423847214 2.312535423847214 2.312535423847214 2.312535423847214 2.312535423847214
          2.312535423847214 2.312535423847214 2.312535423847214 2.312535423847214 2.312535423847214 2.312535423847214
          2.312535423847214 2.312535423847214 2.312535423847214 2.312535423847214 2.312535423847214 2.312535423847214
          2.312535423847214 2.312535423847214 2.3049912669728263 2.2879289267708356 2.2766903099572184 2.2745359701502164
          2.2741118510610963 2.274586571310051 2.2762079855212956 2.281493268499273 2.29593272782148 2.3093894046035404
          2.305203871863693 2.2894862662385864 2.279337262281736 2.286737701653821 2.3042182575941923 2.312535423847214
          2.312535423847214 2.311288594448119 2.2911053723896933 2.2521878928550723 2.226410003606932 2.2271704081255805
          2.2430337542835943 2.2652263322375092 2.291987838855707 2.3091991653168598 2.312535423847214 2.312535423847214
          2.312535423847214 2.312535423847214 2.312535423847214 2.312535423847214 2.312535423847214 2.312535423847214
          2.312535423847214 2.312535423847214 2.312535423847214 2.312535423847214 2.312535423847214 2.312535423847214
          2.312535423847214 2.312535423847214 2.312535423847214 2.312535423847214 2.312535423847214 2.312535423847214
          2.312535423847214 2.312535423847214 2.312535423847214 2.312535423847214 2.2892738211657755 2.2775447538494844
          2.2748283651237706 2.274117789349603 2.2742236363142787 2.2753006668585964 2.2788755500439075 2.2914947803330747
          2.3069591183854747 2.3093219871555446 2.293696728979961 2.2795240198164337 2.2810961682634603 2.297708618126279
          2.3117617278548357 2.312535423847214 2.312535423847214 2.300083780300096 2.2655406413837045 2.234086100702043
          2.228082871274077 2.241020941374683 2.2642198763598502 2.290303803150325 2.307651236509516 2.312535423847214
          2.312535423847214 2.312535423847214 2.312535423847214 2.312535423847214 2.312535423847214 2.312535423847214
          2.312535423847214 2.312535423847214 2.312535423847214 2.312535423847214 2.312535423847214 2.312535423847214
          2.312535423847214 2.312535423847214 2.312535423847214 2.312535423847214 2.312535423847214 2.312535423847214
          2.312535423847214 2.312535423847214 2.312535423847214 2.312535423847214 2.312535423847214 2.312535423847214
          2.278829174373602 2.275325008819309 2.274218482765007 2.273941121296653 2.274447322693691 2.2767002659128868
          2.285453933419646 2.3024885974686056 2.310771693174561 2.2994132510430654 2.2842401934279892 2.280778146540259
          2.2920388204036746 2.3068593094229013 2.312535423847214 2.312535423847214 2.305163299050313 2.2764803073195523
          2.2436777767118032 2.2342973291867363 2.24301987571838 2.261927804253782 2.2882617898263025 2.307417300546729
          2.312535423847214 2.312535423847214 2.312535423847214 2.312535423847214 2.312535423847214 2.312535423847214
          2.312535423847214 2.312535423847214 2.312535423847214 2.312535423847214 2.312535423847214 2.312535423847214
          2.312535423847214 2.312535423847214 2.312535423847214 2.312535423847214 2.312535423847214 2.312535423847214
          2.312535423847214 2.312535423847214 2.312535423847214 2.312535423847214 2.312535423847214 2.312535423847214
          2.312535423847214 2.312535423847214 2.2759049832009004 2.2744743636179923 2.273915435147043 2.2739868004286006
          2.275251119511608 2.2806134306426555 2.2956655740729697 2.309473510839383 2.30363359660886 2.2871825166803403
          2.2807349272412973 2.2909337545755326 2.3062831712529297 2.312535423847214 2.312535423847214 2.3094387607263696
          2.2880027512319785 2.2551953549315527 2.24043693653217 2.248118633743279 2.264964003816137 2.2869705603623083
          2.306319618183224 2.312535423847214 2.312535423847214 2.312535423847214 2.312535423847214 2.312535423847214
          2.312535423847214 2.312535423847214 2.312535423847214 2.312535423847214 2.312535423847214 2.312535423847214
          2.312535423847214 2.312535423847214 2.312535423847214 2.312535423847214 2.312535423847214 2.312535423847214
          2.312535423847214 2.312535423847214 2.312535423847214 2.312535423847214 2.312535423847214 2.312535423847214
          2.312535423847214 2.312535423847214 2.312535423847214 2.312535423847214 2.2749374326125973 2.274027621297729
          2.2738830558660483 2.274507091760168 2.2776334530970477 2.2906268731963224 2.3067990909079183 2.308905466738285
          2.295161409158646 2.2836288810999417 2.288446869539299 2.3036093547069316 2.312535423847214 2.312535423847214
          2.312535423847214 2.2982996607798745 2.268111748963492 2.249055171718553 2.2526180008528467 2.269494860242961
          2.289869136631431 2.3062846175535947 2.312535423847214 2.312535423847214 2.312535423847214 2.312535423847214
          2.312535423847214 2.312535423847214 2.312535423847214 2.312535423847214 2.312535423847214 2.312535423847214
          2.312535423847214 2.312535423847214 2.312535423847214 2.312535423847214 2.312535423847214 2.312535423847214
          2.312535423847214 2.312535423847214 2.312535423847214 2.312535423847214 2.312535423847214 2.312535423847214
          2.312535423847214 2.312535423847214 2.312535423847214 2.312535423847214 2.312535423847214 2.312535423847214
          2.2743807131259937 2.2736915305934335 2.2740778177183385 2.276103556643763 2.284969636820348 2.302449657089923
          2.312535423847214 2.303054171245938 2.289131997885066 2.2897001438315905 2.301402582633911 2.3103156892886623
          2.312535423847214 2.312535423847214 2.3057460387027997 2.2817030911636484 2.259227195465328 2.259167383430012
          2.2741805060992917 2.2934993116615403 2.307751469834995 2.312535423847214 2.312535423847214 2.312535423847214
          2.312535423847214 2.312535423847214 2.312535423847214 2.312535423847214 2.312535423847214 2.312535423847214
          2.312535423847214 2.312535423847214 2.312535423847214 2.312535423847214 2.312535423847214 2.312535423847214
          2.312535423847214 2.312535423847214 2.312535423847214 2.312535423847214 2.312535423847214 2.312535423847214
          2.312535423847214 2.312535423847214 2.312535423847214 2.312535423847214 2.312535423847214 2.312535423847214
          2.312535423847214 2.312535423847214 2.2738118216826098 2.273628316010655 2.275116799050224 2.2808204034588297
          2.2961717770765553 2.3098440733363477 2.312535423847214 2.301771005668711 2.2897611626105228 2.298468884813213
          2.3104787278714016 2.312535423847214 2.312535423847214 2.3093549880143733 2.2920044409770046 2.271395068174597
          2.2682459545289473 2.2805859790186402 2.2975730718029133 2.3090228559484682 2.312535423847214 2.312535423847214
          2.312535423847214 2.312535423847214 2.312535423847214 2.312535423847214 2.312535423847214 2.312535423847214
          2.312535423847214 2.312535423847214 2.312535423847214 2.312535423847214 2.312535423847214 2.312535423847214
          2.312535423847214 2.312535423847214 2.312535423847214 2.312535423847214 2.312535423847214 2.312535423847214
          2.312535423847214 2.312535423847214 2.312535423847214 2.312535423847214 2.312535423847214 2.312535423847214
          2.312535423847214 2.312535423847214 2.312535423847214 2.312535423847214 2.273583393900264 2.274455142271152
          2.2783608406931415 2.29155880477111 2.307149384122254 2.312535423847214 2.3119612742042297 2.3045599861983446
          2.300440505130073 2.3078417931359585 2.312535423847214 2.312535423847214 2.312535423847214 2.3028058073229967
          2.2845585308740985 2.278315779221399 2.2892046487111206 2.3029635338432044 2.3103219408023805 2.312535423847214
          2.312535423847214 2.312535423847214 2.312535423847214 2.312535423847214 2.312535423847214 2.312535423847214
          2.312535423847214 2.312535423847214 2.312535423847214 2.312535423847214 2.312535423847214 2.312535423847214
          2.312535423847214 2.312535423847214 2.312535423847214 2.312033717463332 2.311462075912167 2.311399284894793
          2.311970926445958 2.312535423847214 2.312535423847214 2.312535423847214 2.312535423847214 2.312535423847214
          2.312535423847214 2.312535423847214 2.312535423847214 2.312535423847214 2.312535423847214 2.312535423847214
          2.2742854615924832 2.2773696367046186 2.2889394968957166 2.305270680840567 2.312535423847214 2.312535423847214
          2.3119612742042297 2.3094731088844993 2.310047258527484 2.312535423847214 2.312535423847214 2.312535423847214
          2.310573822360702 2.3000328364820852 2.2927121822123713 2.298166760956663 2.307449016712889 2.312535423847214
          2.312535423847214 2.312535423847214 2.312535423847214 2.312535423847214 2.312535423847214 2.312535423847214
          2.312535423847214 2.312535423847214 2.312535423847214 2.312535423847214 2.312535423847214 2.312535423847214
          2.312535423847214 2.312535423847214 2.312535423847214 2.310110653115708 2.3085144808853166 2.306334190602994
          2.303904802392132 2.303961537544833 2.304944517081863 2.3055036725324483 2.304358484561099 2.306600754877203
          2.308248720834253 2.3079327107877434 2.3099040240738455 2.3119669342147944 2.312535423847214 2.312535423847214
          2.312535423847214 2.312535423847214 2.2764841037603003 2.2847499774185427 2.3014857750948674 2.3121464938113245
          2.312535423847214 2.312535423847214 2.312535423847214 2.312535423847214 2.312535423847214 2.312535423847214
          2.312535423847214 2.312535423847214 2.310573822360702 2.3065820171734623 2.306947477459692 2.310939282646932
          2.312535423847214 2.312535423847214 2.312535423847214 2.312535423847214 2.312535423847214 2.312535423847214
          2.312535423847214 2.312535423847214 2.312535423847214 2.312535423847214 2.312535423847214 2.312535423847214
          2.312535423847214 2.312535423847214 2.312535423847214 2.3102286993022725 2.30827160404182 2.303426678490416
          2.2986299564231505 2.2963717135695165 2.2944230386730564 2.2935801436163676 2.2933281566372123 2.2930469855034916
          2.2913224106155297 2.296621503150782 2.3003257497250504 2.29933651197776 2.30297709985543 2.306581666760442
          2.3064986073920335 2.306680197804726 2.3097322256555457 2.3099338996065493 2.2817866324311584 2.295933335276377
          2.3091890629212912 2.312535423847214 2.312535423847214 2.312535423847214 2.312535423847214 2.312535423847214
          2.312535423847214 2.312535423847214 2.312535423847214 2.312535423847214 2.312535423847214 2.312535423847214
          2.312535423847214 2.312535423847214 2.312535423847214 2.312535423847214 2.312535423847214 2.312535423847214
          2.312535423847214 2.312535423847214 2.312535423847214 2.312535423847214 2.312535423847214 2.312535423847214
          2.312535423847214 2.312535423847214 2.312535423847214 2.311184026665548 2.3081257538794917 2.3018366165760464
          2.297154126292793 2.293312831188366 2.2891066754617406 2.2888478874210927 2.2884014321137554 2.287237941978851
          2.287633948724407 2.286566897806231 2.285127864916332 2.2882564713416707 2.2929079458020754 2.294085764077424
          2.2948881761921935 2.294679305948665 2.2946054404735694 2.2958453193760464 2.2976697101027193 2.298479587562087
          2.2925949668241157 2.3072228121881118 2.312535423847214 2.312535423847214 2.312535423847214 2.312535423847214
          2.312535423847214 2.312535423847214 2.312535423847214 2.312535423847214 2.312535423847214 2.312535423847214
          2.312535423847214 2.312535423847214 2.312535423847214 2.312535423847214 2.312535423847214 2.312535423847214
          2.312535423847214 2.312535423847214 2.312535423847214 2.312535423847214 2.312535423847214 2.312535423847214
          2.312535423847214 2.312535423847214 2.312535423847214 2.3121951889163674 2.3084422279257524 2.3021090486703697
          2.2966487145791845 2.2909339790875936 2.2869905711541767 2.2852625984839032 2.2839224424155757 2.283924001819783
          2.2837925917735054 2.283850021726533 2.2844167552528867 2.283119547383425 2.2819727493823825 2.282635833509385
          2.285881503388675 2.2872405834056453 2.286686931660889 2.2850628601428515 2.2863451752215687 2.2884534901533953
          2.2867058278907364 2.2866962145565837 2.3034007779342165 2.312535423847214 2.312535423847214 2.312535423847214
          2.312535423847214 2.312535423847214 2.312535423847214 2.312535423847214 2.312535423847214 2.312535423847214
          2.312535423847214 2.312535423847214 2.312535423847214 2.312535423847214 2.312535423847214 2.312535423847214
          2.312535423847214 2.312535423847214 2.312535423847214 2.312535423847214 2.312535423847214 2.312535423847214
          2.312535423847214 2.312535423847214 2.312535423847214 2.312535423847214 2.3100243829685065 2.304791848210967
          2.2976240440502123 2.2908031675865765 2.287208428811055 2.2846403603687637 2.28280765185737 2.2821208938672144
          2.281547487931257 2.2811614673279434 2.281171434199804 2.2814281603546935 2.2807405720548917 2.279858337178745
          2.280297980340909 2.2808289865590567 2.2806597117772456 2.2800819703910435 2.281255759624448 2.2819146501955423
          2.2825027989884306 2.2838413918136737 2.283370050651811 2.2822925270653 2.309820585622144 2.312535423847214
          2.312535423847214 2.312535423847214 2.312535423847214 2.312535423847214 2.312535423847214 2.312535423847214
          2.312535423847214 2.312535423847214 2.312535423847214 2.312535423847214 2.312535423847214 2.312535423847214
          2.312535423847214 2.312535423847214 2.312535423847214 2.312535423847214 2.312535423847214 2.312535423847214
          2.312535423847214 2.312535423847214 2.312535423847214 2.312535423847214 2.311077546432957 2.3072931352827255
          2.30053363857407 2.2928324270049796 2.2881657159353432 2.285419159740962 2.2833803837156395 2.282166328425034
          2.281360776495691 2.2807024646039116 2.2802747239901295 2.2802055690886394 2.2798798664628857 2.2795626278820627
          2.279116227877532 2.2786437500995187 2.2794173595783875 2.2793537147088183 2.2785768644026385 2.2787041198709916
          2.279533194508789 2.2798785952523186 2.2799012950738753 2.280271007387153 2.2802151960058423 2.2799349600797827
          2.312535423847214 2.312535423847214 2.312535423847214 2.312535423847214 2.312535423847214 2.312535423847214
          2.312535423847214 2.312535423847214 2.312535423847214 2.312535423847214 2.312535423847214 2.312535423847214
          2.312535423847214 2.312535423847214 2.312535423847214 2.312535423847214 2.312535423847214 2.312535423847214
          2.312535423847214 2.312535423847214 2.312535423847214 2.312535423847214 2.312535423847214 2.309567434997017
          2.30319432124833 2.2962957395295023 2.2903123582168767 2.2860967061702384 2.2838139446439714 2.2826234721645555
          2.281529209225205 2.2809328725119107 2.280470265120174 2.2799715302003083 2.2795894871131717 2.2793445285514133
          2.2792478675823493 2.278853893230069 2.278379524506572 2.278213548552767 2.278180657592814 2.278093559651603
          2.2781571842969246 2.278303725453804 2.2783057204950907 2.278289149684129 2.2784926350052097 2.2786551744029175
          2.2785396727517 2.278738570327309 2.312535423847214 2.312535423847214 2.312535423847214 2.312535423847214
          2.312535423847214 2.312535423847214 2.312535423847214 2.312535423847214 2.312535423847214 2.312535423847214
          2.312535423847214 2.312535423847214 2.312535423847214 2.312535423847214 2.312535423847214 2.312535423847214
          2.312535423847214 2.312535423847214 2.312535423847214 2.312535423847214 2.312535423847214 2.310883059919294
          2.3067177155173733 2.299830716166594 2.2925492460421553 2.2891248011944425 2.286501800582187 2.283222352849074
          2.2816906127567096 2.2810990541847205 2.280658997657251 2.2800247882479057 2.2796013195119835 2.279408338787813
          2.2789604657931744 2.278652092550101 2.2786449781212337 2.2785087656949843 2.2781781070335434 2.27808680221923
          2.277920924216909 2.2776961895590806 2.2777011841050423 2.2775774330631404 2.2777429141064434 2.278107036644885
          2.278203339571121 2.278303520865953 2.278228927452542 2.2783472742707658 2.312535423847214 2.312535423847214
          2.312535423847214 2.312535423847214 2.312535423847214 2.312535423847214 2.312535423847214 2.312535423847214
          2.312535423847214 2.312535423847214 2.312535423847214 2.312535423847214 2.312535423847214 2.312535423847214
          2.312535423847214 2.312535423847214 2.312535423847214 2.312535423847214 2.312535423847214 2.312535423847214
          2.309270127755422 2.3027577642227546 2.2956883775027714 2.2897490309320236 2.2863029448135563 2.28533156538242
          2.2837361324318213 2.2813293660096123 2.2806927919756834 2.280288838162059 2.279900151205056 2.279263575239013
          2.2790246050271907 2.2789104640250026 2.2784922629279003 2.2783491278337844 2.2782611486342814 2.27824133289539
          2.2781614558967895 2.2780855372854747 2.277956622044625 2.277763240738284 2.2776984618922205 2.277726558279711
          2.2779056555095134 2.2780681463896686 2.2779992145238253 2.278019224006236 2.2780142219544084 2.2781290658681432
          2.312535423847214 2.312535423847214 2.312535423847214 2.312535423847214 2.312535423847214 2.312535423847214
          2.312535423847214 2.312535423847214 2.312535423847214 2.312535423847214 2.312535423847214 2.312535423847214
          2.312535423847214 2.312535423847214 2.312535423847214 2.312535423847214 2.312535423847214 2.312535423847214
          2.312535423847214 2.308546779488588 2.300128126009629 2.292843476994398 2.2880509942645646 2.285030645440603
          2.2833208888945213 2.2821098952282854 2.281092226662074 2.280486724431879 2.280006866562117 2.27963450864706
          2.2794468404388204 2.279140091231577 2.2789148116112408 2.2786132327008977 2.2782759210618346 2.27820641528147
          2.278214892544805 2.2781525750911733 2.278110190830831 2.278094855374788 2.277961214565062 2.2779226236192085
          2.278569937548092 2.27866087910988 2.2780592759194502 2.2779450879174425 2.2778082553189276 2.27783517193315
          2.277982395520889 2.277974143863109 2.312535423847214 2.312535423847214 2.312535423847214 2.312535423847214
          2.312535423847214 2.312535423847214 2.312535423847214 2.312535423847214 2.312535423847214 2.312535423847214
          2.312535423847214 2.312535423847214 2.312535423847214 2.312535423847214 2.312535423847214 2.312535423847214
          2.312535423847214 2.312535423847214 2.3102476375176524 2.301188132067961 2.29176954296755 2.287160556421997
          2.284367862429337 2.282945937958239 2.2818043255458416 2.280916486256656 2.2803942847985565 2.280107018245309
          2.2795638110677023 2.2791378303351997 2.2791644583478847 2.2789643925446392 2.278692524949725 2.2784414344997854
          2.2781663988412624 2.278125340676939 2.2781583738006024 2.2781198313438242 2.2780212421096175 2.2779457204732
          2.2779467298705476 2.2780033567419027 2.278636753249512 2.2786837442426284 2.2780113913789 2.2778352171915914
          2.2777811123151173 2.277797745162036 2.2779054974324175 2.2779117355823795 
        </DataArray>
      </CellData>
      <Points>
        <DataArray type="Float32" Name="Points" NumberOfComponents="3" format="ascii" RangeMin="-1.0" RangeMax="2.312535423847214">
          -1.0 -1.0 2.2787828203925513 -0.96 -1.0 2.2785113395600547
          -0.92 -1.0 2.2780758716658203 -0.88 -1.0 2.277134549133213
          -0.84 -1.0 2.2760307193973843 -0.8 -1.0 2.2753536286729794
          -0.76 -1.0 2.275136423777481 -0.72 -1.0 2.275401105548888
          -0.6799999999999999 -1.0 2.2756223107811833 -0.64 -1.0 2.2758689248583712
          -0.6 -1.0 2.2758710354460763 -0.56 -1.0 2.2756052465382703
          -0.52 -1.0 2.2751174927500073 -0.48 -1.0 2.274740657838461
          -0.43999999999999995 -1.0 2.2746297576791683 -0.4 -1.0 2.2747228899229515
          -0.36 -1.0 2.2748041403563604 -0.31999999999999995 -1.0 2.2748540464157956
          -0.28 -1.0 2.274947891860518 -0.24 -1.0 2.275115506683864
          -0.19999999999999996 -1.0 2.275328205756635 -0.16000000000000003 -1.0 2.2756859767589908
          -0.12 -1.0 2.2762243172529955 -0.07999999999999996 -1.0 2.2770830742079555
          -0.040000000000000036 -1.0 2.278835312377347 0.0 -1.0 2.283147639236748
          0.040000000000000036 -1.0 2.288602297889311 0.08000000000000007 -1.0 2.312535423847214
          0.1200000000000001 -1.0 2.312535423847214 0.15999999999999992 -1.0 2.312535423847214
          0.19999999999999996 -1.0 2.312535423847214 0.24 -1.0 2.276909092393075
          0.28 -1.0 2.27318133570039 0.32000000000000006 -1.0 2.276551288606727
          0.3600000000000001 -1.0 2.3053178703632637 0.40000000000000013 -1.0 2.312535423847214
          0.43999999999999995 -1.0 2.312535423847214 0.48 -1.0 2.312535423847214
          0.52 -1.0 2.312535423847214 0.56 -1.0 2.312535423847214
          0.6000000000000001 -1.0 2.312535423847214 0.6400000000000001 -1.0 2.312535423847214
          0.6799999999999999 -1.0 2.312535423847214 0.72 -1.0 2.312535423847214
          0.76 -1.0 2.312535423847214 0.8 -1.0 2.312535423847214
          0.8400000000000001 -1.0 2.312535423847214 0.8800000000000001 -1.0 2.312535423847214
          0.9199999999999999 -1.0 2.312535423847214 0.96 -1.0 2.312535423847214
          1.0 -1.0 2.312535423847214 -1.0 -0.96 2.27848832479198
          -0.96 -0.96 2.278034566685723 -0.92 -0.96 2.2772235922693835
          -0.88 -0.96 2.2760771526404384 -0.84 -0.96 2.275282076501455
          -0.8 -0.96 2.275121200998874 -0.76 -0.96 2.2752559764774687
          -0.72 -0.96 2.2754806528787648 -0.6799999999999999 -0.96 2.275678606195043
          -0.64 -0.96 2.2757985118575355 -0.6 -0.96 2.275550426135001
          -0.56 -0.96 2.2751406313774827 -0.52 -0.96 2.274793656852045
          -0.48 -0.96 2.27460973238004 -0.43999999999999995 -0.96 2.2746877618166557
          -0.4 -0.96 2.2747818036288883 -0.36 -0.96 2.274843549928431
          -0.31999999999999995 -0.96 2.2749290115068943 -0.28 -0.96 2.275085549349979
          -0.24 -0.96 2.275295553639719 -0.19999999999999996 -0.96 2.2756106408946106
          -0.16000000000000003 -0.96 2.2761050602172426 -0.12 -0.96 2.2769742127125117
          -0.07999999999999996 -0.96 2.2786197115454776 -0.040000000000000036 -0.96 2.2830316443885312
          0.0 -0.96 2.288703504504915 0.040000000000000036 -0.96 2.312535423847214
          0.08000000000000007 -0.96 2.312535423847214 0.1200000000000001 -0.96 2.312535423847214
          0.15999999999999992 -0.96 2.312535423847214 0.19999999999999996 -0.96 2.275994944308706
          0.24 -0.96 2.2731841649169255 0.28 -0.96 2.2757129719357803
          0.32000000000000006 -0.96 2.2888122563128293 0.3600000000000001 -0.96 2.312535423847214
          0.40000000000000013 -0.96 2.312535423847214 0.43999999999999995 -0.96 2.312535423847214
          0.48 -0.96 2.312535423847214 0.52 -0.96 2.312535423847214
          0.56 -0.96 2.312535423847214 0.6000000000000001 -0.96 2.312535423847214
          0.6400000000000001 -0.96 2.312535423847214 0.6799999999999999 -0.96 2.312535423847214
          0.72 -0.96 2.312535423847214 0.76 -0.96 2.312535423847214
          0.8 -0.96 2.312535423847214 0.8400000000000001 -0.96 2.312535423847214
          0.8800000000000001 -0.96 2.312535423847214 0.9199999999999999 -0.96 2.312535423847214
          0.96 -0.96 2.312535423847214 1.0 -0.96 2.312535423847214
          -1.0 -0.92 2.277646375244373 -0.96 -0.92 2.2770370493822405
          -0.92 -0.92 2.2760178440136953 -0.88 -0.92 2.275198329142082
          -0.84 -0.92 2.2750877136929413 -0.8 -0.92 2.275120305374854
          -0.76 -0.92 2.275353102216022 -0.72 -0.92 2.2755559914167653
          -0.6799999999999999 -0.92 2.275695690206427 -0.64 -0.92 2.275559298168973
          -0.6 -0.92 2.2751013385142453 -0.56 -0.92 2.274781060217179
          -0.52 -0.92 2.274602398962145 -0.48 -0.92 2.274634912359374
          -0.43999999999999995 -0.92 2.2747553378695087 -0.4 -0.92 2.274830252855904
          -0.36 -0.92 2.274918623032046 -0.31999999999999995 -0.92 2.275061904150137
          -0.28 -0.92 2.275245544738613 -0.24 -0.92 2.2755195331231395
          -0.19999999999999996 -0.92 2.275976501415543 -0.16000000000000003 -0.92 2.276860922120705
          -0.12 -0.92 2.278355860913101 -0.07999999999999996 -0.92 2.2825182323031683
          -0.040000000000000036 -0.92 2.2880382831800263 0.0 -0.92 2.312535423847214
          0.040000000000000036 -0.92 2.312535423847214 0.08000000000000007 -0.92 2.312535423847214
          0.1200000000000001 -0.92 2.312535423847214 0.15999999999999992 -0.92 2.2750292751413252
          0.19999999999999996 -0.92 2.2731408035666867 0.24 -0.92 2.27507908315566
          0.28 -0.92 2.2814785090562393 0.32000000000000006 -0.92 2.312535423847214
          0.3600000000000001 -0.92 2.312535423847214 0.40000000000000013 -0.92 2.312535423847214
          0.43999999999999995 -0.92 2.312535423847214 0.48 -0.92 2.312535423847214
          0.52 -0.92 2.312535423847214 0.56 -0.92 2.312535423847214
          0.6000000000000001 -0.92 2.312535423847214 0.6400000000000001 -0.92 2.312535423847214
          0.6799999999999999 -0.92 2.312535423847214 0.72 -0.92 2.312535423847214
          0.76 -0.92 2.312535423847214 0.8 -0.92 2.312535423847214
          0.8400000000000001 -0.92 2.312535423847214 0.8800000000000001 -0.92 2.312535423847214
          0.9199999999999999 -0.92 2.312535423847214 0.96 -0.92 2.312535423847214
          1.0 -0.92 2.312535423847214 -1.0 -0.88 2.2768171159430337
          -0.96 -0.88 2.275928204274568 -0.92 -0.88 2.2751131787850856
          -0.88 -0.88 2.274960350423424 -0.84 -0.88 2.2751526353821556
          -0.8 -0.88 2.2751903682657777 -0.76 -0.88 2.2753573168661165
          -0.72 -0.88 2.2755009662146883 -0.6799999999999999 -0.88 2.2754281830509915
          -0.64 -0.88 2.2750819466446934 -0.6 -0.88 2.2747754338709245
          -0.56 -0.88 2.2746307868876467 -0.52 -0.88 2.2746113606071523
          -0.48 -0.88 2.2747423590586373 -0.43999999999999995 -0.88 2.274828947193235
          -0.4 -0.88 2.2748960716566597 -0.36 -0.88 2.2750264211869724
          -0.31999999999999995 -0.88 2.275194352906747 -0.28 -0.88 2.2754451521159265
          -0.24 -0.88 2.2758362731812816 -0.19999999999999996 -0.88 2.276653518467398
          -0.16000000000000003 -0.88 2.2780252585089174 -0.12 -0.88 2.2820803293291165
          -0.07999999999999996 -0.88 2.287682651706199 -0.040000000000000036 -0.88 2.312535423847214
          0.0 -0.88 2.312535423847214 0.040000000000000036 -0.88 2.312535423847214
          0.08000000000000007 -0.88 2.312535423847214 0.1200000000000001 -0.88 2.276876851094526
          0.15999999999999992 -0.88 2.273449483422069 0.19999999999999996 -0.88 2.274758059934399
          0.24 -0.88 2.278596430639244 0.28 -0.88 2.3100963692978174
          0.32000000000000006 -0.88 2.312535423847214 0.3600000000000001 -0.88 2.312535423847214
          0.40000000000000013 -0.88 2.312535423847214 0.43999999999999995 -0.88 2.312535423847214
          0.48 -0.88 2.312535423847214 0.52 -0.88 2.312535423847214
          0.56 -0.88 2.312535423847214 0.6000000000000001 -0.88 2.312535423847214
          0.6400000000000001 -0.88 2.312535423847214 0.6799999999999999 -0.88 2.312535423847214
          0.72 -0.88 2.312535423847214 0.76 -0.88 2.312535423847214
          0.8 -0.88 2.312535423847214 0.8400000000000001 -0.88 2.312535423847214
          0.8800000000000001 -0.88 2.312535423847214 0.9199999999999999 -0.88 2.312535423847214
          0.96 -0.88 2.312535423847214 1.0 -0.88 2.312535423847214
          -1.0 -0.84 2.275876867314412 -0.96 -0.84 2.275076860842395
          -0.92 -0.84 2.274848109825202 -0.88 -0.84 2.2751133922523303
          -0.84 -0.84 2.2750673271559076 -0.8 -0.84 2.2752089847068744
          -0.76 -0.84 2.2753657555212037 -0.72 -0.84 2.275388626170303
          -0.6799999999999999 -0.84 2.2750487306163723 -0.64 -0.84 2.2747887061590677
          -0.6 -0.84 2.274609016225126 -0.56 -0.84 2.2745870888601485
          -0.52 -0.84 2.2747161850084616 -0.48 -0.84 2.2748242499138756
          -0.43999999999999995 -0.84 2.2749037370239233 -0.4 -0.84 2.2750071607049054
          -0.36 -0.84 2.2751598485708664 -0.31999999999999995 -0.84 2.2753541735758493
          -0.28 -0.84 2.2757495752978234 -0.24 -0.84 2.276459335679772
          -0.19999999999999996 -0.84 2.2778435543419455 -0.16000000000000003 -0.84 2.281590449682162
          -0.12 -0.84 2.28707114373218 -0.07999999999999996 -0.84 2.312535423847214
          -0.040000000000000036 -0.84 2.312535423847214 0.0 -0.84 2.312535423847214
          0.040000000000000036 -0.84 2.312535423847214 0.08000000000000007 -0.84 2.274573384792207
          0.1200000000000001 -0.84 2.273652742815416 0.15999999999999992 -0.84 2.2744277786382385
          0.19999999999999996 -0.84 2.276923032126444 0.24 -0.84 2.2902132991530575
          0.28 -0.84 2.312535423847214 0.32000000000000006 -0.84 2.312535423847214
          0.3600000000000001 -0.84 2.312535423847214 0.40000000000000013 -0.84 2.312535423847214
          0.43999999999999995 -0.84 2.312535423847214 0.48 -0.84 2.312535423847214
          0.52 -0.84 2.312535423847214 0.56 -0.84 2.312535423847214
          0.6000000000000001 -0.84 2.312535423847214 0.6400000000000001 -0.84 2.312535423847214
          0.6799999999999999 -0.84 2.312535423847214 0.72 -0.84 2.312535423847214
          0.76 -0.84 2.312535423847214 0.8 -0.84 2.312535423847214
          0.8400000000000001 -0.84 2.312535423847214 0.8800000000000001 -0.84 2.312535423847214
          0.9199999999999999 -0.84 2.312535423847214 0.96 -0.84 2.312535423847214
          1.0 -0.84 2.312535423847214 -1.0 -0.8 2.274991950320596
          -0.96 -0.8 2.2747625027185667 -0.92 -0.8 2.274982789053831
          -0.88 -0.8 2.2750538714277773 -0.84 -0.8 2.275081144276549
          -0.8 -0.8 2.2751807871951337 -0.76 -0.8 2.275243109658685
          -0.72 -0.8 2.2750574523254676 -0.6799999999999999 -0.8 2.274768880504829
          -0.64 -0.8 2.274612466142805 -0.6 -0.8 2.274572571202022
          -0.56 -0.8 2.2746869426086924 -0.52 -0.8 2.274813205707546
          -0.48 -0.8 2.2748908106953403 -0.43999999999999995 -0.8 2.274978622428427
          -0.4 -0.8 2.2751193466584883 -0.36 -0.8 2.2753120611559465
          -0.31999999999999995 -0.8 2.275651922342236 -0.28 -0.8 2.2762965099522536
          -0.24 -0.8 2.2775320351528503 -0.19999999999999996 -0.8 2.28103216250049
          -0.16000000000000003 -0.8 2.286551508960763 -0.12 -0.8 2.312535423847214
          -0.07999999999999996 -0.8 2.312535423847214 -0.040000000000000036 -0.8 2.312535423847214
          0.0 -0.8 2.312535423847214 0.040000000000000036 -0.8 2.276500578287653
          0.08000000000000007 -0.8 2.2736360936339395 0.1200000000000001 -0.8 2.2745157884476987
          0.15999999999999992 -0.8 2.276147158237203 0.19999999999999996 -0.8 2.2829888094359805
          0.24 -0.8 2.312535423847214 0.28 -0.8 2.312535423847214
          0.32000000000000006 -0.8 2.312535423847214 0.3600000000000001 -0.8 2.312535423847214
          0.40000000000000013 -0.8 2.312535423847214 0.43999999999999995 -0.8 2.312535423847214
          0.48 -0.8 2.312535423847214 0.52 -0.8 2.312535423847214
          0.56 -0.8 2.312535423847214 0.6000000000000001 -0.8 2.312535423847214
          0.6400000000000001 -0.8 2.312535423847214 0.6799999999999999 -0.8 2.312535423847214
          0.72 -0.8 2.312535423847214 0.76 -0.8 2.312535423847214
          0.8 -0.8 2.312535423847214 0.8400000000000001 -0.8 2.312535423847214
          0.8800000000000001 -0.8 2.312535423847214 0.9199999999999999 -0.8 2.312535423847214
          0.96 -0.8 2.312535423847214 1.0 -0.8 2.312535423847214
          -1.0 -0.76 2.2747537615452083 -0.96 -0.76 2.2748342366839047
          -0.92 -0.76 2.2750433307360156 -0.88 -0.76 2.274980330612708
          -0.84 -0.76 2.2750942967510857 -0.8 -0.76 2.2751554341483065
          -0.76 -0.76 2.2749972301192485 -0.72 -0.76 2.274777361296456
          -0.6799999999999999 -0.76 2.274620724151156 -0.64 -0.76 2.274557611769976
          -0.6 -0.76 2.274649642759361 -0.56 -0.76 2.2748114015949774
          -0.52 -0.76 2.2748733847063303 -0.48 -0.76 2.2749619505280867
          -0.43999999999999995 -0.76 2.2750792021574453 -0.4 -0.76 2.275241407992008
          -0.36 -0.76 2.275563574950776 -0.31999999999999995 -0.76 2.276103658612098
          -0.28 -0.76 2.277272940240726 -0.24 -0.76 2.280295881786084
          -0.19999999999999996 -0.76 2.2860223693897423 -0.16000000000000003 -0.76 2.312535423847214
          -0.12 -0.76 2.312535423847214 -0.07999999999999996 -0.76 2.312535423847214
          -0.040000000000000036 -0.76 2.312535423847214 0.0 -0.76 2.277584285220645
          0.040000000000000036 -0.76 2.273983856830463 0.08000000000000007 -0.76 2.274486813960399
          0.1200000000000001 -0.76 2.2757567511787093 0.15999999999999992 -0.76 2.279541319453061
          0.19999999999999996 -0.76 2.312535423847214 0.24 -0.76 2.312535423847214
          0.28 -0.76 2.312535423847214 0.32000000000000006 -0.76 2.312535423847214
          0.3600000000000001 -0.76 2.312535423847214 0.40000000000000013 -0.76 2.312535423847214
          0.43999999999999995 -0.76 2.312535423847214 0.48 -0.76 2.312535423847214
          0.52 -0.76 2.312535423847214 0.56 -0.76 2.312535423847214
          0.6000000000000001 -0.76 2.312535423847214 0.6400000000000001 -0.76 2.312535423847214
          0.6799999999999999 -0.76 2.312535423847214 0.72 -0.76 2.312535423847214
          0.76 -0.76 2.312535423847214 0.8 -0.76 2.312535423847214
          0.8400000000000001 -0.76 2.312535423847214 0.8800000000000001 -0.76 2.312535423847214
          0.9199999999999999 -0.76 2.312535423847214 0.96 -0.76 2.312535423847214
          1.0 -0.76 2.312535423847214 -1.0 -0.72 2.2747374845630257
          -0.96 -0.72 2.274971250759944 -0.92 -0.72 2.2749550715778
          -0.88 -0.72 2.275028190197159 -0.84 -0.72 2.275057055928465
          -0.8 -0.72 2.274983499265145 -0.76 -0.72 2.274801480827582
          -0.72 -0.72 2.274651079577294 -0.6799999999999999 -0.72 2.2745527518502664
          -0.64 -0.72 2.2746147362634384 -0.6 -0.72 2.2747616541528997
          -0.56 -0.72 2.274871990634758 -0.52 -0.72 2.274941165287103
          -0.48 -0.72 2.2750477353412277 -0.43999999999999995 -0.72 2.275212062274715
          -0.4 -0.72 2.275476494627619 -0.36 -0.72 2.275998363365785
          -0.31999999999999995 -0.72 2.2770193904530633 -0.28 -0.72 2.279681813545937
          -0.24 -0.72 2.2854421876942297 -0.19999999999999996 -0.72 2.312535423847214
          -0.16000000000000003 -0.72 2.312535423847214 -0.12 -0.72 2.312535423847214
          -0.07999999999999996 -0.72 2.312535423847214 -0.040000000000000036 -0.72 2.276414615131274
          0.0 -0.72 2.2742354738315753 0.040000000000000036 -0.72 2.2744813277145
          0.08000000000000007 -0.72 2.2756124443707137 0.1200000000000001 -0.72 2.278099416496502
          0.15999999999999992 -0.72 2.29623344391046 0.19999999999999996 -0.72 2.312535423847214
          0.24 -0.72 2.312535423847214 0.28 -0.72 2.312535423847214
          0.32000000000000006 -0.72 2.312535423847214 0.3600000000000001 -0.72 2.312535423847214
          0.40000000000000013 -0.72 2.312535423847214 0.43999999999999995 -0.72 2.312535423847214
          0.48 -0.72 2.312535423847214 0.52 -0.72 2.312535423847214
          0.56 -0.72 2.312535423847214 0.6000000000000001 -0.72 2.312535423847214
          0.6400000000000001 -0.72 2.312535423847214 0.6799999999999999 -0.72 2.312535423847214
          0.72 -0.72 2.312535423847214 0.76 -0.72 2.312535423847214
          0.8 -0.72 2.312535423847214 0.8400000000000001 -0.72 2.312535423847214
          0.8800000000000001 -0.72 2.312535423847214 0.9199999999999999 -0.72 2.312535423847214
          0.96 -0.72 2.312535423847214 1.0 -0.72 2.312535423847214
          -1.0 -0.6799999999999999 2.274829464469698 -0.96 -0.6799999999999999 2.274937370325995
          -0.92 -0.6799999999999999 2.2749991612054146 -0.88 -0.6799999999999999 2.275001449442596
          -0.84 -0.6799999999999999 2.2749639624323095 -0.8 -0.6799999999999999 2.274811028638296
          -0.76 -0.6799999999999999 2.2746664336954883 -0.72 -0.6799999999999999 2.2745624263595525
          -0.6799999999999999 -0.6799999999999999 2.274594945105554 -0.64 -0.6799999999999999 2.274714608458939
          -0.6 -0.6799999999999999 2.2748379240825893 -0.56 -0.6799999999999999 2.2749226027920044
          -0.52 -0.6799999999999999 2.2750243881526138 -0.48 -0.6799999999999999 2.2751640694487163
          -0.43999999999999995 -0.6799999999999999 2.2754229365233094 -0.4 -0.6799999999999999 2.2758732946450753
          -0.36 -0.6799999999999999 2.276776908486179 -0.31999999999999995 -0.6799999999999999 2.279246034717549
          -0.28 -0.6799999999999999 2.285007335337982 -0.24 -0.6799999999999999 2.312535423847214
          -0.19999999999999996 -0.6799999999999999 2.312535423847214 -0.16000000000000003 -0.6799999999999999 2.312535423847214
          -0.12 -0.6799999999999999 2.312535423847214 -0.07999999999999996 -0.6799999999999999 2.2758499152138665
          -0.040000000000000036 -0.6799999999999999 2.274794353628692 0.0 -0.6799999999999999 2.2749515225404973
          0.040000000000000036 -0.6799999999999999 2.275714846258745 0.08000000000000007 -0.6799999999999999 2.277329295787776
          0.1200000000000001 -0.6799999999999999 2.286014604597812 0.15999999999999992 -0.6799999999999999 2.312535423847214
          0.19999999999999996 -0.6799999999999999 2.312535423847214 0.24 -0.6799999999999999 2.312535423847214
          0.28 -0.6799999999999999 2.312535423847214 0.32000000000000006 -0.6799999999999999 2.312535423847214
          0.3600000000000001 -0.6799999999999999 2.312535423847214 0.40000000000000013 -0.6799999999999999 2.312535423847214
          0.43999999999999995 -0.6799999999999999 2.312535423847214 0.48 -0.6799999999999999 2.312535423847214
          0.52 -0.6799999999999999 2.312535423847214 0.56 -0.6799999999999999 2.312535423847214
          0.6000000000000001 -0.6799999999999999 2.312535423847214 0.6400000000000001 -0.6799999999999999 2.312535423847214
          0.6799999999999999 -0.6799999999999999 2.312535423847214 0.72 -0.6799999999999999 2.312535423847214
          0.76 -0.6799999999999999 2.312535423847214 0.8 -0.6799999999999999 2.312535423847214
          0.8400000000000001 -0.6799999999999999 2.312535423847214 0.8800000000000001 -0.6799999999999999 2.312535423847214
          0.9199999999999999 -0.6799999999999999 2.312535423847214 0.96 -0.6799999999999999 2.312535423847214
          1.0 -0.6799999999999999 2.312535423847214 -1.0 -0.64 2.274924459548859
          -0.96 -0.64 2.2748984467059548 -0.92 -0.64 2.274948553589497
          -0.88 -0.64 2.2749261084180885 -0.84 -0.64 2.274794576247542
          -0.8 -0.64 2.274680273463036 -0.76 -0.64 2.2746032557481044
          -0.72 -0.64 2.274591242100565 -0.6799999999999999 -0.64 2.2746850139436927
          -0.64 -0.64 2.2747932350282007 -0.6 -0.64 2.2749130913365043
          -0.56 -0.64 2.2750042020468375 -0.52 -0.64 2.2751348361941686
          -0.48 -0.64 2.2753682682862086 -0.43999999999999995 -0.64 2.275749576985509
          -0.4 -0.64 2.276589791765545 -0.36 -0.64 2.278798149994628
          -0.31999999999999995 -0.64 2.28359467766971 -0.28 -0.64 2.312535423847214
          -0.24 -0.64 2.312535423847214 -0.19999999999999996 -0.64 2.312535423847214
          -0.16000000000000003 -0.64 2.312535423847214 -0.12 -0.64 2.2861465330318267
          -0.07999999999999996 -0.64 2.2749071762740254 -0.040000000000000036 -0.64 2.2752990337871033
          0.0 -0.64 2.275703885275792 0.040000000000000036 -0.64 2.276963728616522
          0.08000000000000007 -0.64 2.2820997060440655 0.1200000000000001 -0.64 2.312535423847214
          0.15999999999999992 -0.64 2.312535423847214 0.19999999999999996 -0.64 2.312535423847214
          0.24 -0.64 2.312535423847214 0.28 -0.64 2.312535423847214
          0.32000000000000006 -0.64 2.312535423847214 0.3600000000000001 -0.64 2.312535423847214
          0.40000000000000013 -0.64 2.312535423847214 0.43999999999999995 -0.64 2.312535423847214
          0.48 -0.64 2.312535423847214 0.52 -0.64 2.305266840649468
          0.56 -0.64 2.298243195065921 0.6000000000000001 -0.64 2.312535423847214
          0.6400000000000001 -0.64 2.312535423847214 0.6799999999999999 -0.64 2.312535423847214
          0.72 -0.64 2.312535423847214 0.76 -0.64 2.312535423847214
          0.8 -0.64 2.312535423847214 0.8400000000000001 -0.64 2.312535423847214
          0.8800000000000001 -0.64 2.312535423847214 0.9199999999999999 -0.64 2.312535423847214
          0.96 -0.64 2.312535423847214 1.0 -0.64 2.312535423847214
          -1.0 -0.6 2.274923498474911 -0.96 -0.6 2.2749105916055905
          -0.92 -0.6 2.2748954905565766 -0.88 -0.6 2.2748189223105593
          -0.84 -0.6 2.2747053963012376 -0.8 -0.6 2.274608247652747
          -0.76 -0.6 2.274583588031849 -0.72 -0.6 2.2746664738752123
          -0.6799999999999999 -0.6 2.2747449876175616 -0.64 -0.6 2.274865714584432
          -0.6 -0.6 2.274976069620857 -0.56 -0.6 2.27511346335943
          -0.52 -0.6 2.2753107416599487 -0.48 -0.6 2.275648680110793
          -0.43999999999999995 -0.6 2.276403901602731 -0.4 -0.6 2.278340514014252
          -0.36 -0.6 2.2833839144108086 -0.31999999999999995 -0.6 2.312535423847214
          -0.28 -0.6 2.312535423847214 -0.24 -0.6 2.312535423847214
          -0.19999999999999996 -0.6 2.312535423847214 -0.16000000000000003 -0.6 2.2875498067939257
          -0.12 -0.6 2.2749804820608275 -0.07999999999999996 -0.6 2.27532103645694
          -0.040000000000000036 -0.6 2.2755855389352693 0.0 -0.6 2.2768309083300626
          0.040000000000000036 -0.6 2.280345101598488 0.08000000000000007 -0.6 2.3102828449086847
          0.1200000000000001 -0.6 2.312535423847214 0.15999999999999992 -0.6 2.312535423847214
          0.19999999999999996 -0.6 2.312535423847214 0.24 -0.6 2.312535423847214
          0.28 -0.6 2.312535423847214 0.32000000000000006 -0.6 2.312535423847214
          0.3600000000000001 -0.6 2.312535423847214 0.40000000000000013 -0.6 2.312535423847214
          0.43999999999999995 -0.6 2.312535423847214 0.48 -0.6 2.295404292923661
          0.52 -0.6 2.2879801489590235 0.56 -0.6 2.3010815892777683
          0.6000000000000001 -0.6 2.312535423847214 0.6400000000000001 -0.6 2.312535423847214
          0.6799999999999999 -0.6 2.312535423847214 0.72 -0.6 2.312535423847214
          0.76 -0.6 2.312535423847214 0.8 -0.6 2.312535423847214
          0.8400000000000001 -0.6 2.312535423847214 0.8800000000000001 -0.6 2.312535423847214
          0.9199999999999999 -0.6 2.312535423847214 0.96 -0.6 2.312535423847214
          1.0 -0.6 2.312535423847214 -1.0 -0.56 2.274906656503323
          -0.96 -0.56 2.274905941901949 -0.92 -0.56 2.274818174587412
          -0.88 -0.56 2.274732300081643 -0.84 -0.56 2.27463197203593
          -0.8 -0.56 2.2745886755104503 -0.76 -0.56 2.274648396828575
          -0.72 -0.56 2.274711415772571 -0.6799999999999999 -0.56 2.2748114166704987
          -0.64 -0.56 2.274953957169549 -0.6 -0.56 2.275071119997774
          -0.56 -0.56 2.275261680970271 -0.52 -0.56 2.2756151936007734
          -0.48 -0.56 2.276263506579548 -0.43999999999999995 -0.56 2.278015956991355
          -0.4 -0.56 2.2826202958108253 -0.36 -0.56 2.312535423847214
          -0.31999999999999995 -0.56 2.312535423847214 -0.28 -0.56 2.312535423847214
          -0.24 -0.56 2.312535423847214 -0.19999999999999996 -0.56 2.2878694655108873
          -0.16000000000000003 -0.56 2.2752934835738525 -0.12 -0.56 2.275509413648971
          -0.07999999999999996 -0.56 2.275865461101008 -0.040000000000000036 -0.56 2.2767314798137694
          0.0 -0.56 2.279381420589983 0.040000000000000036 -0.56 2.2963236889534535
          0.08000000000000007 -0.56 2.312535423847214 0.1200000000000001 -0.56 2.312535423847214
          0.15999999999999992 -0.56 2.312535423847214 0.19999999999999996 -0.56 2.312535423847214
          0.24 -0.56 2.312535423847214 0.28 -0.56 2.312535423847214
          0.32000000000000006 -0.56 2.312535423847214 0.3600000000000001 -0.56 2.312535423847214
          0.40000000000000013 -0.56 2.312535423847214 0.43999999999999995 -0.56 2.2847518315125686
          0.48 -0.56 2.271160039271584 0.52 -0.56 2.288526296935923
          0.56 -0.56 2.307889985015264 0.6000000000000001 -0.56 2.312535423847214
          0.6400000000000001 -0.56 2.312535423847214 0.6799999999999999 -0.56 2.312535423847214
          0.72 -0.56 2.312535423847214 0.76 -0.56 2.312535423847214
          0.8 -0.56 2.312535423847214 0.8400000000000001 -0.56 2.312535423847214
          0.8800000000000001 -0.56 2.312535423847214 0.9199999999999999 -0.56 2.312535423847214
          0.96 -0.56 2.312535423847214 1.0 -0.56 2.312535423847214
          -1.0 -0.52 2.274878114549804 -0.96 -0.52 2.2748057585222123
          -0.92 -0.52 2.2747165534316474 -0.88 -0.52 2.2746300491975036
          -0.84 -0.52 2.274586001883052 -0.8 -0.52 2.2746430168896854
          -0.76 -0.52 2.2746999517208453 -0.72 -0.52 2.274776398155883
          -0.6799999999999999 -0.52 2.2749292331291278 -0.64 -0.52 2.2750396363799323
          -0.6 -0.52 2.2752324138643982 -0.56 -0.52 2.275547812622312
          -0.52 -0.52 2.2761198667499993 -0.48 -0.52 2.277724283048226
          -0.43999999999999995 -0.52 2.2825837897051846 -0.4 -0.52 2.312535423847214
          -0.36 -0.52 2.312535423847214 -0.31999999999999995 -0.52 2.312535423847214
          -0.28 -0.52 2.312535423847214 -0.24 -0.52 2.2967526796663575
          -0.19999999999999996 -0.52 2.2758507633075102 -0.16000000000000003 -0.52 2.2756168505579266
          -0.12 -0.52 2.2760581899599437 -0.07999999999999996 -0.52 2.2766399413143845
          -0.040000000000000036 -0.52 2.2789040540255407 0.0 -0.52 2.2910296255758174
          0.040000000000000036 -0.52 2.312535423847214 0.08000000000000007 -0.52 2.312535423847214
          0.1200000000000001 -0.52 2.312535423847214 0.15999999999999992 -0.52 2.312535423847214
          0.19999999999999996 -0.52 2.312535423847214 0.24 -0.52 2.312535423847214
          0.28 -0.52 2.312535423847214 0.32000000000000006 -0.52 2.312535423847214
          0.3600000000000001 -0.52 2.312535423847214 0.40000000000000013 -0.52 2.2805262129433275
          0.43999999999999995 -0.52 2.2640365289184863 0.48 -0.52 2.268451468641529
          0.52 -0.52 2.289641459680957 0.56 -0.52 2.312535423847214
          0.6000000000000001 -0.52 2.312535423847214 0.6400000000000001 -0.52 2.312535423847214
          0.6799999999999999 -0.52 2.312535423847214 0.72 -0.52 2.312535423847214
          0.76 -0.52 2.312535423847214 0.8 -0.52 2.312535423847214
          0.8400000000000001 -0.52 2.312535423847214 0.8800000000000001 -0.52 2.312535423847214
          0.9199999999999999 -0.52 2.312535423847214 0.96 -0.52 2.312535423847214
          1.0 -0.52 2.312535423847214 -1.0 -0.48 2.2748193911840557
          -0.96 -0.48 2.2747189818749534 -0.92 -0.48 2.274634531011378
          -0.88 -0.48 2.2745833056380644 -0.84 -0.48 2.274628647827389
          -0.8 -0.48 2.274680204611226 -0.76 -0.48 2.274735369602937
          -0.72 -0.48 2.274868969685762 -0.6799999999999999 -0.48 2.275012113716186
          -0.64 -0.48 2.275177432301713 -0.6 -0.48 2.2754723105678507
          -0.56 -0.48 2.2759716192632635 -0.52 -0.48 2.2774007139835173
          -0.48 -0.48 2.281121627122425 -0.43999999999999995 -0.48 2.312535423847214
          -0.4 -0.48 2.312535423847214 -0.36 -0.48 2.312535423847214
          -0.31999999999999995 -0.48 2.312535423847214 -0.28 -0.48 2.3043403290097952
          -0.24 -0.48 2.27584407924165 -0.19999999999999996 -0.48 2.2755774189193994
          -0.16000000000000003 -0.48 2.2756327605708906 -0.12 -0.48 2.276520599395522
          -0.07999999999999996 -0.48 2.2786638056726116 -0.040000000000000036 -0.48 2.2874500572134333
          0.0 -0.48 2.312535423847214 0.040000000000000036 -0.48 2.312535423847214
          0.08000000000000007 -0.48 2.312535423847214 0.1200000000000001 -0.48 2.312535423847214
          0.15999999999999992 -0.48 2.312535423847214 0.19999999999999996 -0.48 2.312535423847214
          0.24 -0.48 2.312535423847214 0.28 -0.48 2.312535423847214
          0.32000000000000006 -0.48 2.312535423847214 0.3600000000000001 -0.48 2.278019728133454
          0.40000000000000013 -0.48 2.2560750300210115 0.43999999999999995 -0.48 2.2553478328972747
          0.48 -0.48 2.2786830134654306 0.52 -0.48 2.30340624838487
          0.56 -0.48 2.312535423847214 0.6000000000000001 -0.48 2.312535423847214
          0.6400000000000001 -0.48 2.312535423847214 0.6799999999999999 -0.48 2.312535423847214
          0.72 -0.48 2.312535423847214 0.76 -0.48 2.312535423847214
          0.8 -0.48 2.312535423847214 0.8400000000000001 -0.48 2.312535423847214
          0.8800000000000001 -0.48 2.312535423847214 0.9199999999999999 -0.48 2.312535423847214
          0.96 -0.48 2.312535423847214 1.0 -0.48 2.312535423847214
          -1.0 -0.43999999999999995 2.274717097762574 -0.96 -0.43999999999999995 2.2746546470402307
          -0.92 -0.43999999999999995 2.274587275091018 -0.88 -0.43999999999999995 2.2746016794556674
          -0.84 -0.43999999999999995 2.274657985017491 -0.8 -0.43999999999999995 2.2747107917580194
          -0.76 -0.43999999999999995 2.274811395178199 -0.72 -0.43999999999999995 2.2749692519063918
          -0.6799999999999999 -0.43999999999999995 2.2751393088086824 -0.64 -0.43999999999999995 2.2754222535216493
          -0.6 -0.43999999999999995 2.2759212214325353 -0.56 -0.43999999999999995 2.2770722198467928
          -0.52 -0.43999999999999995 2.2813254700464336 -0.48 -0.43999999999999995 2.312535423847214
          -0.43999999999999995 -0.43999999999999995 2.312535423847214 -0.4 -0.43999999999999995 2.312535423847214
          -0.36 -0.43999999999999995 2.312535423847214 -0.31999999999999995 -0.43999999999999995 2.307267931635795
          -0.28 -0.43999999999999995 2.2760624719192806 -0.24 -0.43999999999999995 2.275675821649418
          -0.19999999999999996 -0.43999999999999995 2.2755931785305696 -0.16000000000000003 -0.43999999999999995 2.276190952773349
          -0.12 -0.43999999999999995 2.278221353224376 -0.07999999999999996 -0.43999999999999995 2.2849114141557063
          -0.040000000000000036 -0.43999999999999995 2.312535423847214 0.0 -0.43999999999999995 2.312535423847214
          0.040000000000000036 -0.43999999999999995 2.312535423847214 0.08000000000000007 -0.43999999999999995 2.312535423847214
          0.1200000000000001 -0.43999999999999995 2.312535423847214 0.15999999999999992 -0.43999999999999995 2.312535423847214
          0.19999999999999996 -0.43999999999999995 2.312535423847214 0.24 -0.43999999999999995 2.312535423847214
          0.28 -0.43999999999999995 2.312535423847214 0.32000000000000006 -0.43999999999999995 2.2743175715642696
          0.3600000000000001 -0.43999999999999995 2.2521888637147547 0.40000000000000013 -0.43999999999999995 2.242454375758721
          0.43999999999999995 -0.43999999999999995 2.2569372229449955 0.48 -0.43999999999999995 2.2894095268658963
          0.52 -0.43999999999999995 2.312535423847214 0.56 -0.43999999999999995 2.312535423847214
          0.6000000000000001 -0.43999999999999995 2.312535423847214 0.6400000000000001 -0.43999999999999995 2.312535423847214
          0.6799999999999999 -0.43999999999999995 2.312535423847214 0.72 -0.43999999999999995 2.312535423847214
          0.76 -0.43999999999999995 2.312535423847214 0.8 -0.43999999999999995 2.312535423847214
          0.8400000000000001 -0.43999999999999995 2.312535423847214 0.8800000000000001 -0.43999999999999995 2.312535423847214
          0.9199999999999999 -0.43999999999999995 2.312535423847214 0.96 -0.43999999999999995 2.312535423847214
          1.0 -0.43999999999999995 2.312535423847214 -1.0 -0.4 2.274625460740148
          -0.96 -0.4 2.2745914138530234 -0.92 -0.4 2.274596434626227
          -0.88 -0.4 2.274633626195815 -0.84 -0.4 2.2746900611521865
          -0.8 -0.4 2.274770661417008 -0.76 -0.4 2.2749339131947277
          -0.72 -0.4 2.2750998935204123 -0.6799999999999999 -0.4 2.2753446246949305
          -0.64 -0.4 2.2758133736580155 -0.6 -0.4 2.2768465204489896
          -0.56 -0.4 2.28072748121204 -0.52 -0.4 2.312535423847214
          -0.48 -0.4 2.312535423847214 -0.43999999999999995 -0.4 2.312535423847214
          -0.4 -0.4 2.312535423847214 -0.36 -0.4 2.3061439532820955
          -0.31999999999999995 -0.4 2.276305374683616 -0.28 -0.4 2.2755846068323726
          -0.24 -0.4 2.275621745112007 -0.19999999999999996 -0.4 2.276167507522385
          -0.16000000000000003 -0.4 2.27807284336811 -0.12 -0.4 2.2834644152841164
          -0.07999999999999996 -0.4 2.312535423847214 -0.040000000000000036 -0.4 2.312535423847214
          0.0 -0.4 2.312535423847214 0.040000000000000036 -0.4 2.312535423847214
          0.08000000000000007 -0.4 2.312535423847214 0.1200000000000001 -0.4 2.312535423847214
          0.15999999999999992 -0.4 2.312535423847214 0.19999999999999996 -0.4 2.312535423847214
          0.24 -0.4 2.312535423847214 0.28 -0.4 2.2795306104026736
          0.32000000000000006 -0.4 2.2499433632574606 0.3600000000000001 -0.4 2.235910926889491
          0.40000000000000013 -0.4 2.2452980599353842 0.43999999999999995 -0.4 2.2755042801910217
          0.48 -0.4 2.307747198562882 0.52 -0.4 2.312535423847214
          0.56 -0.4 2.312535423847214 0.6000000000000001 -0.4 2.312535423847214
          0.6400000000000001 -0.4 2.312535423847214 0.6799999999999999 -0.4 2.312535423847214
          0.72 -0.4 2.312535423847214 0.76 -0.4 2.312535423847214
          0.8 -0.4 2.312535423847214 0.8400000000000001 -0.4 2.312535423847214
          0.8800000000000001 -0.4 2.312535423847214 0.9199999999999999 -0.4 2.312535423847214
          0.96 -0.4 2.312535423847214 1.0 -0.4 2.312535423847214
          -1.0 -0.36 2.274569835339191 -0.96 -0.36 2.2745819880814855
          -0.92 -0.36 2.274615668759004 -0.88 -0.36 2.2746555853811876
          -0.84 -0.36 2.2747389321319944 -0.8 -0.36 2.274875561850423
          -0.76 -0.36 2.2750529773039236 -0.72 -0.36 2.275290694227738
          -0.6799999999999999 -0.36 2.275676688679391 -0.64 -0.36 2.276645257236075
          -0.6 -0.36 2.279839212396583 -0.56 -0.36 2.312535423847214
          -0.52 -0.36 2.312535423847214 -0.48 -0.36 2.312535423847214
          -0.43999999999999995 -0.36 2.312535423847214 -0.4 -0.36 2.312535423847214
          -0.36 -0.36 2.276545089523644 -0.31999999999999995 -0.36 2.275422903264273
          -0.28 -0.36 2.2753919665888733 -0.24 -0.36 2.275821192972235
          -0.19999999999999996 -0.36 2.2773907963135276 -0.16000000000000003 -0.36 2.282696846568848
          -0.12 -0.36 2.307268426673698 -0.07999999999999996 -0.36 2.312535423847214
          -0.040000000000000036 -0.36 2.312535423847214 0.0 -0.36 2.312535423847214
          0.040000000000000036 -0.36 2.312535423847214 0.08000000000000007 -0.36 2.312535423847214
          0.1200000000000001 -0.36 2.312535423847214 0.15999999999999992 -0.36 2.312535423847214
          0.19999999999999996 -0.36 2.312535423847214 0.24 -0.36 2.2840484482495667
          0.28 -0.36 2.249421041346043 0.32000000000000006 -0.36 2.2291029356353866
          0.3600000000000001 -0.36 2.2344542197233794 0.40000000000000013 -0.36 2.2602846481365004
          0.43999999999999995 -0.36 2.289530762097765 0.48 -0.36 2.312535423847214
          0.52 -0.36 2.312535423847214 0.56 -0.36 2.312535423847214
          0.6000000000000001 -0.36 2.312535423847214 0.6400000000000001 -0.36 2.312535423847214
          0.6799999999999999 -0.36 2.312535423847214 0.72 -0.36 2.312535423847214
          0.76 -0.36 2.312535423847214 0.8 -0.36 2.312535423847214
          0.8400000000000001 -0.36 2.312535423847214 0.8800000000000001 -0.36 2.312535423847214
          0.9199999999999999 -0.36 2.312535423847214 0.96 -0.36 2.312535423847214
          1.0 -0.36 2.312535423847214 -1.0 -0.31999999999999995 2.2745576866120256
          -0.96 -0.31999999999999995 2.274598923852914 -0.92 -0.31999999999999995 2.2746254663067567
          -0.88 -0.31999999999999995 2.2747002228531836 -0.84 -0.31999999999999995 2.2748286175736485
          -0.8 -0.31999999999999995 2.275025251085872 -0.76 -0.31999999999999995 2.275211267235909
          -0.72 -0.31999999999999995 2.2755612298692727 -0.6799999999999999 -0.31999999999999995 2.2763832727277364
          -0.64 -0.31999999999999995 2.2792013081397373 -0.6 -0.31999999999999995 2.312535423847214
          -0.56 -0.31999999999999995 2.312535423847214 -0.52 -0.31999999999999995 2.312535423847214
          -0.48 -0.31999999999999995 2.312535423847214 -0.43999999999999995 -0.31999999999999995 2.312535423847214
          -0.4 -0.31999999999999995 2.2767171533833035 -0.36 -0.31999999999999995 2.2753905852767
          -0.31999999999999995 -0.31999999999999995 2.2752741821196767 -0.28 -0.31999999999999995 2.275618341696318
          -0.24 -0.31999999999999995 2.2769902995608073 -0.19999999999999996 -0.31999999999999995 2.2817495639863665
          -0.16000000000000003 -0.31999999999999995 2.30051562669604 -0.12 -0.31999999999999995 2.312535423847214
          -0.07999999999999996 -0.31999999999999995 2.312535423847214 -0.040000000000000036 -0.31999999999999995 2.312535423847214
          0.0 -0.31999999999999995 2.312535423847214 0.040000000000000036 -0.31999999999999995 2.312535423847214
          0.08000000000000007 -0.31999999999999995 2.312535423847214 0.1200000000000001 -0.31999999999999995 2.312535423847214
          0.15999999999999992 -0.31999999999999995 2.312535423847214 0.19999999999999996 -0.31999999999999995 2.2888912661677883
          0.24 -0.31999999999999995 2.249800627336847 0.28 -0.31999999999999995 2.2237882617942346
          0.32000000000000006 -0.31999999999999995 2.2265583780099307 0.3600000000000001 -0.31999999999999995 2.2444695128766083
          0.40000000000000013 -0.31999999999999995 2.276585193063535 0.43999999999999995 -0.31999999999999995 2.312535423847214
          0.48 -0.31999999999999995 2.312535423847214 0.52 -0.31999999999999995 2.312535423847214
          0.56 -0.31999999999999995 2.312535423847214 0.6000000000000001 -0.31999999999999995 2.312535423847214
          0.6400000000000001 -0.31999999999999995 2.312535423847214 0.6799999999999999 -0.31999999999999995 2.312535423847214
          0.72 -0.31999999999999995 2.312535423847214 0.76 -0.31999999999999995 2.312535423847214
          0.8 -0.31999999999999995 2.312535423847214 0.8400000000000001 -0.31999999999999995 2.312535423847214
          0.8800000000000001 -0.31999999999999995 2.312535423847214 0.9199999999999999 -0.31999999999999995 2.312535423847214
          0.96 -0.31999999999999995 2.312535423847214 1.0 -0.31999999999999995 2.312535423847214
          -1.0 -0.28 2.274568475111335 -0.96 -0.28 2.2746059030887427
          -0.92 -0.28 2.274665408427136 -0.88 -0.28 2.274782059572611
          -0.84 -0.28 2.2749553118029966 -0.8 -0.28 2.2751281191192154
          -0.76 -0.28 2.275437563872713 -0.72 -0.28 2.2762303304499616
          -0.6799999999999999 -0.28 2.278263363137995 -0.64 -0.28 2.312535423847214
          -0.6 -0.28 2.312535423847214 -0.56 -0.28 2.312535423847214
          -0.52 -0.28 2.312535423847214 -0.48 -0.28 2.312535423847214
          -0.43999999999999995 -0.28 2.2767129365786976 -0.4 -0.28 2.2752299202119537
          -0.36 -0.28 2.2749951367410994 -0.31999999999999995 -0.28 2.275508842310374
          -0.28 -0.28 2.2768098198759468 -0.24 -0.28 2.2810752954201314
          -0.19999999999999996 -0.28 2.2982588567169886 -0.16000000000000003 -0.28 2.312535423847214
          -0.12 -0.28 2.312535423847214 -0.07999999999999996 -0.28 2.312535423847214
          -0.040000000000000036 -0.28 2.312535423847214 0.0 -0.28 2.312535423847214
          0.040000000000000036 -0.28 2.312535423847214 0.08000000000000007 -0.28 2.312535423847214
          0.1200000000000001 -0.28 2.312535423847214 0.15999999999999992 -0.28 2.2972800700871097
          0.19999999999999996 -0.28 2.2512013735951397 0.24 -0.28 2.225796844778538
          0.28 -0.28 2.2209196584873485 0.32000000000000006 -0.28 2.236124400500451
          0.3600000000000001 -0.28 2.2629913614866792 0.40000000000000013 -0.28 2.3007944631315986
          0.43999999999999995 -0.28 2.312535423847214 0.48 -0.28 2.312535423847214
          0.52 -0.28 2.312535423847214 0.56 -0.28 2.312535423847214
          0.6000000000000001 -0.28 2.312535423847214 0.6400000000000001 -0.28 2.312535423847214
          0.6799999999999999 -0.28 2.312535423847214 0.72 -0.28 2.312535423847214
          0.76 -0.28 2.312535423847214 0.8 -0.28 2.312535423847214
          0.8400000000000001 -0.28 2.312535423847214 0.8800000000000001 -0.28 2.312535423847214
          0.9199999999999999 -0.28 2.312535423847214 0.96 -0.28 2.312535423847214
          1.0 -0.28 2.312535423847214 -1.0 -0.24 2.2745774981487337
          -0.96 -0.24 2.2746364238045182 -0.92 -0.24 2.274757543337882
          -0.88 -0.24 2.2748968975028334 -0.84 -0.24 2.2750880427737843
          -0.8 -0.24 2.27533694874117 -0.76 -0.24 2.276125491551526
          -0.72 -0.24 2.277645822427701 -0.6799999999999999 -0.24 2.312535423847214
          -0.64 -0.24 2.312535423847214 -0.6 -0.24 2.312535423847214
          -0.56 -0.24 2.312535423847214 -0.52 -0.24 2.312535423847214
          -0.48 -0.24 2.2777042329221135 -0.43999999999999995 -0.24 2.2752353048400584
          -0.4 -0.24 2.2749860548397383 -0.36 -0.24 2.275305781715738
          -0.31999999999999995 -0.24 2.276551885163877 -0.28 -0.24 2.2804427066046635
          -0.24 -0.24 2.295415147061123 -0.19999999999999996 -0.24 2.312535423847214
          -0.16000000000000003 -0.24 2.312535423847214 -0.12 -0.24 2.312535423847214
          -0.07999999999999996 -0.24 2.312535423847214 -0.040000000000000036 -0.24 2.312535423847214
          0.0 -0.24 2.312535423847214 0.040000000000000036 -0.24 2.312535423847214
          0.08000000000000007 -0.24 2.312535423847214 0.1200000000000001 -0.24 2.306201703074798
          0.15999999999999992 -0.24 2.2587508531910894 0.19999999999999996 -0.24 2.2278978005730727
          0.24 -0.24 2.2134423489952613 0.28 -0.24 2.2253392762534276
          0.32000000000000006 -0.24 2.254532389130847 0.3600000000000001 -0.24 2.2900095783684993
          0.40000000000000013 -0.24 2.312535423847214 0.43999999999999995 -0.24 2.312535423847214
          0.48 -0.24 2.312535423847214 0.52 -0.24 2.312535423847214
          0.56 -0.24 2.312535423847214 0.6000000000000001 -0.24 2.312535423847214
          0.6400000000000001 -0.24 2.312535423847214 0.6799999999999999 -0.24 2.312535423847214
          0.72 -0.24 2.312535423847214 0.76 -0.24 2.312535423847214
          0.8 -0.24 2.312535423847214 0.8400000000000001 -0.24 2.312535423847214
          0.8800000000000001 -0.24 2.312535423847214 0.9199999999999999 -0.24 2.312535423847214
          0.96 -0.24 2.312535423847214 1.0 -0.24 2.312535423847214
          -1.0 -0.19999999999999996 2.2746067013370044 -0.96 -0.19999999999999996 2.2747110025650925
          -0.92 -0.19999999999999996 2.2748363100279003 -0.88 -0.19999999999999996 2.275026281000097
          -0.84 -0.19999999999999996 2.2752358411813813 -0.8 -0.19999999999999996 2.2759797833558553
          -0.76 -0.19999999999999996 2.276947433532076 -0.72 -0.19999999999999996 2.312535423847214
          -0.6799999999999999 -0.19999999999999996 2.312535423847214 -0.64 -0.19999999999999996 2.312535423847214
          -0.6 -0.19999999999999996 2.312535423847214 -0.56 -0.19999999999999996 2.312535423847214
          -0.52 -0.19999999999999996 2.2785621171462074 -0.48 -0.19999999999999996 2.275204167288061
          -0.43999999999999995 -0.19999999999999996 2.274846728114435 -0.4 -0.19999999999999996 2.275036646349775
          -0.36 -0.19999999999999996 2.2765483235066277 -0.31999999999999995 -0.19999999999999996 2.280311475920213
          -0.28 -0.19999999999999996 2.294795423496708 -0.24 -0.19999999999999996 2.312535423847214
          -0.19999999999999996 -0.19999999999999996 2.312535423847214 -0.16000000000000003 -0.19999999999999996 2.312535423847214
          -0.12 -0.19999999999999996 2.312535423847214 -0.07999999999999996 -0.19999999999999996 2.312535423847214
          -0.040000000000000036 -0.19999999999999996 2.312535423847214 0.0 -0.19999999999999996 2.312535423847214
          0.040000000000000036 -0.19999999999999996 2.312535423847214 0.08000000000000007 -0.19999999999999996 2.312535423847214
          0.1200000000000001 -0.19999999999999996 2.265101709541621 0.15999999999999992 -0.19999999999999996 2.230139427093606
          0.19999999999999996 -0.19999999999999996 2.2122637064319965 0.24 -0.19999999999999996 2.2210736251155176
          0.28 -0.19999999999999996 2.2480895141215558 0.32000000000000006 -0.19999999999999996 2.274377168007519
          0.3600000000000001 -0.19999999999999996 2.312535423847214 0.40000000000000013 -0.19999999999999996 2.312535423847214
          0.43999999999999995 -0.19999999999999996 2.312535423847214 0.48 -0.19999999999999996 2.312535423847214
          0.52 -0.19999999999999996 2.312535423847214 0.56 -0.19999999999999996 2.312535423847214
          0.6000000000000001 -0.19999999999999996 2.312535423847214 0.6400000000000001 -0.19999999999999996 2.312535423847214
          0.6799999999999999 -0.19999999999999996 2.312535423847214 0.72 -0.19999999999999996 2.312535423847214
          0.76 -0.19999999999999996 2.312535423847214 0.8 -0.19999999999999996 2.312535423847214
          0.8400000000000001 -0.19999999999999996 2.312535423847214 0.8800000000000001 -0.19999999999999996 2.312535423847214
          0.9199999999999999 -0.19999999999999996 2.312535423847214 0.96 -0.19999999999999996 2.312535423847214
          1.0 -0.19999999999999996 2.312535423847214 -1.0 -0.16000000000000003 2.274674960055114
          -0.96 -0.16000000000000003 2.2748005809691527 -0.92 -0.16000000000000003 2.274937083513711
          -0.88 -0.16000000000000003 2.2751739988812147 -0.84 -0.16000000000000003 2.275733566579042
          -0.8 -0.16000000000000003 2.2763182053751922 -0.76 -0.16000000000000003 2.312535423847214
          -0.72 -0.16000000000000003 2.312535423847214 -0.6799999999999999 -0.16000000000000003 2.312535423847214
          -0.64 -0.16000000000000003 2.312535423847214 -0.6 -0.16000000000000003 2.312535423847214
          -0.56 -0.16000000000000003 2.278832620294578 -0.52 -0.16000000000000003 2.275153590398537
          -0.48 -0.16000000000000003 2.2748201575061833 -0.43999999999999995 -0.16000000000000003 2.2748428556236693
          -0.4 -0.16000000000000003 2.276167068305354 -0.36 -0.16000000000000003 2.280169406417492
          -0.31999999999999995 -0.16000000000000003 2.293948324454142 -0.28 -0.16000000000000003 2.312535423847214
          -0.24 -0.16000000000000003 2.312535423847214 -0.19999999999999996 -0.16000000000000003 2.312535423847214
          -0.16000000000000003 -0.16000000000000003 2.312535423847214 -0.12 -0.16000000000000003 2.312535423847214
          -0.07999999999999996 -0.16000000000000003 2.312535423847214 -0.040000000000000036 -0.16000000000000003 2.312535423847214
          0.0 -0.16000000000000003 2.312535423847214 0.040000000000000036 -0.16000000000000003 2.312535423847214
          0.08000000000000007 -0.16000000000000003 2.27228638775335 0.1200000000000001 -0.16000000000000003 2.2328978994883077
          0.15999999999999992 -0.16000000000000003 2.2135355659962914 0.19999999999999996 -0.16000000000000003 2.2157668312349577
          0.24 -0.16000000000000003 2.2352639823182874 0.28 -0.16000000000000003 2.265704051707534
          0.32000000000000006 -0.16000000000000003 2.3080842093706737 0.3600000000000001 -0.16000000000000003 2.312535423847214
          0.40000000000000013 -0.16000000000000003 2.312535423847214 0.43999999999999995 -0.16000000000000003 2.312535423847214
          0.48 -0.16000000000000003 2.312535423847214 0.52 -0.16000000000000003 2.312535423847214
          0.56 -0.16000000000000003 2.312535423847214 0.6000000000000001 -0.16000000000000003 2.312535423847214
          0.6400000000000001 -0.16000000000000003 2.312535423847214 0.6799999999999999 -0.16000000000000003 2.312535423847214
          0.72 -0.16000000000000003 2.312535423847214 0.76 -0.16000000000000003 2.312535423847214
          0.8 -0.16000000000000003 2.312535423847214 0.8400000000000001 -0.16000000000000003 2.312535423847214
          0.8800000000000001 -0.16000000000000003 2.312535423847214 0.9199999999999999 -0.16000000000000003 2.312535423847214
          0.96 -0.16000000000000003 2.312535423847214 1.0 -0.16000000000000003 2.312535423847214
          -1.0 -0.12 2.27475450621568 -0.96 -0.12 2.2748601750701014
          -0.92 -0.12 2.2751364618515395 -0.88 -0.12 2.275492086038265
          -0.84 -0.12 2.2760609835307055 -0.8 -0.12 2.312535423847214
          -0.76 -0.12 2.312535423847214 -0.72 -0.12 2.312535423847214
          -0.6799999999999999 -0.12 2.312535423847214 -0.64 -0.12 2.312535423847214
          -0.6 -0.12 2.2790209235046754 -0.56 -0.12 2.2750638317005154
          -0.52 -0.12 2.2743549539860144 -0.48 -0.12 2.274812687756642
          -0.43999999999999995 -0.12 2.276126131180971 -0.4 -0.12 2.2798634957546797
          -0.36 -0.12 2.2932303831769363 -0.31999999999999995 -0.12 2.312535423847214
          -0.28 -0.12 2.312535423847214 -0.24 -0.12 2.312535423847214
          -0.19999999999999996 -0.12 2.312535423847214 -0.16000000000000003 -0.12 2.312535423847214
          -0.12 -0.12 2.312535423847214 -0.07999999999999996 -0.12 2.312535423847214
          -0.040000000000000036 -0.12 2.312535423847214 0.0 -0.12 2.312535423847214
          0.040000000000000036 -0.12 2.282646440069004 0.08000000000000007 -0.12 2.2386458594240786
          0.1200000000000001 -0.12 2.2131311556466153 0.15999999999999992 -0.12 2.2108113695614793
          0.19999999999999996 -0.12 2.2261057153719035 0.24 -0.12 2.254873752832075
          0.28 -0.12 2.293617533906822 0.32000000000000006 -0.12 2.312535423847214
          0.3600000000000001 -0.12 2.312535423847214 0.40000000000000013 -0.12 2.312535423847214
          0.43999999999999995 -0.12 2.312535423847214 0.48 -0.12 2.312535423847214
          0.52 -0.12 2.312535423847214 0.56 -0.12 2.312535423847214
          0.6000000000000001 -0.12 2.312535423847214 0.6400000000000001 -0.12 2.312535423847214
          0.6799999999999999 -0.12 2.312535423847214 0.72 -0.12 2.312535423847214
          0.76 -0.12 2.312535423847214 0.8 -0.12 2.312535423847214
          0.8400000000000001 -0.12 2.312535423847214 0.8800000000000001 -0.12 2.312535423847214
          0.9199999999999999 -0.12 2.312535423847214 0.96 -0.12 2.312535423847214
          1.0 -0.12 2.312535423847214 -1.0 -0.07999999999999996 2.2748203185871856
          -0.96 -0.07999999999999996 2.2751022817341258 -0.92 -0.07999999999999996 2.2753501308216513
          -0.88 -0.07999999999999996 2.2757052027232594 -0.84 -0.07999999999999996 2.312535423847214
          -0.8 -0.07999999999999996 2.312535423847214 -0.76 -0.07999999999999996 2.312535423847214
          -0.72 -0.07999999999999996 2.312535423847214 -0.6799999999999999 -0.07999999999999996 2.312535423847214
          -0.64 -0.07999999999999996 2.281446492135247 -0.6 -0.07999999999999996 2.2752920797210607
          -0.56 -0.07999999999999996 2.274569465758425 -0.52 -0.07999999999999996 2.274802493542496
          -0.48 -0.07999999999999996 2.27601841116626 -0.43999999999999995 -0.07999999999999996 2.2795485886519367
          -0.4 -0.07999999999999996 2.2915803568635735 -0.36 -0.07999999999999996 2.312535423847214
          -0.31999999999999995 -0.07999999999999996 2.312535423847214 -0.28 -0.07999999999999996 2.312535423847214
          -0.24 -0.07999999999999996 2.312535423847214 -0.19999999999999996 -0.07999999999999996 2.312535423847214
          -0.16000000000000003 -0.07999999999999996 2.312535423847214 -0.12 -0.07999999999999996 2.312535423847214
          -0.07999999999999996 -0.07999999999999996 2.312535423847214 -0.040000000000000036 -0.07999999999999996 2.312535423847214
          0.0 -0.07999999999999996 2.292988118236203 0.040000000000000036 -0.07999999999999996 2.245918305111868
          0.08000000000000007 -0.07999999999999996 2.2142066944579866 0.1200000000000001 -0.07999999999999996 2.207133845864578
          0.15999999999999992 -0.07999999999999996 2.220208236474117 0.19999999999999996 -0.07999999999999996 2.247143271335721
          0.24 -0.07999999999999996 2.283907148897474 0.28 -0.07999999999999996 2.312535423847214
          0.32000000000000006 -0.07999999999999996 2.312535423847214 0.3600000000000001 -0.07999999999999996 2.312535423847214
          0.40000000000000013 -0.07999999999999996 2.312535423847214 0.43999999999999995 -0.07999999999999996 2.312535423847214
          0.48 -0.07999999999999996 2.312535423847214 0.52 -0.07999999999999996 2.312535423847214
          0.56 -0.07999999999999996 2.312535423847214 0.6000000000000001 -0.07999999999999996 2.312535423847214
          0.6400000000000001 -0.07999999999999996 2.312535423847214 0.6799999999999999 -0.07999999999999996 2.312535423847214
          0.72 -0.07999999999999996 2.312535423847214 0.76 -0.07999999999999996 2.312535423847214
          0.8 -0.07999999999999996 2.312535423847214 0.8400000000000001 -0.07999999999999996 2.312535423847214
          0.8800000000000001 -0.07999999999999996 2.312535423847214 0.9199999999999999 -0.07999999999999996 2.312535423847214
          0.96 -0.07999999999999996 2.312535423847214 1.0 -0.07999999999999996 2.312535423847214
          -1.0 -0.040000000000000036 2.2749998402518754 -0.96 -0.040000000000000036 2.2752181178564777
          -0.92 -0.040000000000000036 2.275443986517635 -0.88 -0.040000000000000036 2.312535423847214
          -0.84 -0.040000000000000036 2.312535423847214 -0.8 -0.040000000000000036 2.312535423847214
          -0.76 -0.040000000000000036 2.312535423847214 -0.72 -0.040000000000000036 2.312535423847214
          -0.6799999999999999 -0.040000000000000036 2.2840863899834583 -0.64 -0.040000000000000036 2.2753043510022413
          -0.6 -0.040000000000000036 2.2744796399278373 -0.56 -0.040000000000000036 2.2745558858799115
          -0.52 -0.040000000000000036 2.2757359077257684 -0.48 -0.040000000000000036 2.2787370660147763
          -0.43999999999999995 -0.040000000000000036 2.2888161376042575 -0.4 -0.040000000000000036 2.312535423847214
          -0.36 -0.040000000000000036 2.312535423847214 -0.31999999999999995 -0.040000000000000036 2.312535423847214
          -0.28 -0.040000000000000036 2.312535423847214 -0.24 -0.040000000000000036 2.312535423847214
          -0.19999999999999996 -0.040000000000000036 2.312535423847214 -0.16000000000000003 -0.040000000000000036 2.312535423847214
          -0.12 -0.040000000000000036 2.312535423847214 -0.07999999999999996 -0.040000000000000036 2.312535423847214
          -0.040000000000000036 -0.040000000000000036 2.304592641335334 0.0 -0.040000000000000036 2.252795441936332
          0.040000000000000036 -0.040000000000000036 2.2175455441174736 0.08000000000000007 -0.040000000000000036 2.205015820618638
          0.1200000000000001 -0.040000000000000036 2.218276872635801 0.15999999999999992 -0.040000000000000036 2.2418445399076132
          0.19999999999999996 -0.040000000000000036 2.2705825522008998 0.24 -0.040000000000000036 2.312535423847214
          0.28 -0.040000000000000036 2.312535423847214 0.32000000000000006 -0.040000000000000036 2.312535423847214
          0.3600000000000001 -0.040000000000000036 2.312535423847214 0.40000000000000013 -0.040000000000000036 2.312535423847214
          0.43999999999999995 -0.040000000000000036 2.312535423847214 0.48 -0.040000000000000036 2.312535423847214
          0.52 -0.040000000000000036 2.312535423847214 0.56 -0.040000000000000036 2.312535423847214
          0.6000000000000001 -0.040000000000000036 2.312535423847214 0.6400000000000001 -0.040000000000000036 2.312535423847214
          0.6799999999999999 -0.040000000000000036 2.312535423847214 0.72 -0.040000000000000036 2.312535423847214
          0.76 -0.040000000000000036 2.312535423847214 0.8 -0.040000000000000036 2.312535423847214
          0.8400000000000001 -0.040000000000000036 2.312535423847214 0.8800000000000001 -0.040000000000000036 2.312535423847214
          0.9199999999999999 -0.040000000000000036 2.312535423847214 0.96 -0.040000000000000036 2.312535423847214
          1.0 -0.040000000000000036 2.312535423847214 -1.0 0.0 2.275032732223852
          -0.96 0.0 2.2751972569757384 -0.92 0.0 2.312535423847214
          -0.88 0.0 2.312535423847214 -0.84 0.0 2.312535423847214
          -0.8 0.0 2.312535423847214 -0.76 0.0 2.312535423847214
          -0.72 0.0 2.295754196152709 -0.6799999999999999 0.0 2.275582176435392
          -0.64 0.0 2.2744520464316706 -0.6 0.0 2.27420783013663
          -0.56 0.0 2.2750021457143403 -0.52 0.0 2.278375225750619
          -0.48 0.0 2.2866505694100354 -0.43999999999999995 0.0 2.312535423847214
          -0.4 0.0 2.312535423847214 -0.36 0.0 2.312535423847214
          -0.31999999999999995 0.0 2.312535423847214 -0.28 0.0 2.2984745536552893
          -0.24 0.0 2.312535423847214 -0.19999999999999996 0.0 2.312535423847214
          -0.16000000000000003 0.0 2.312535423847214 -0.12 0.0 2.312535423847214
          -0.07999999999999996 0.0 2.312535423847214 -0.040000000000000036 0.0 2.263830970904482
          0.0 0.0 2.222283020709046 0.040000000000000036 0.0 2.207404970309414
          0.08000000000000007 0.0 2.215852973359706 0.1200000000000001 0.0 2.2336728607390732
          0.15999999999999992 0.0 2.2666806817229417 0.19999999999999996 0.0 2.303326798071402
          0.24 0.0 2.312535423847214 0.28 0.0 2.312535423847214
          0.32000000000000006 0.0 2.312535423847214 0.3600000000000001 0.0 2.312535423847214
          0.40000000000000013 0.0 2.312535423847214 0.43999999999999995 0.0 2.312535423847214
          0.48 0.0 2.312535423847214 0.52 0.0 2.312535423847214
          0.56 0.0 2.312535423847214 0.6000000000000001 0.0 2.312535423847214
          0.6400000000000001 0.0 2.312535423847214 0.6799999999999999 0.0 2.312535423847214
          0.72 0.0 2.312535423847214 0.76 0.0 2.312535423847214
          0.8 0.0 2.312535423847214 0.8400000000000001 0.0 2.312535423847214
          0.8800000000000001 0.0 2.312535423847214 0.9199999999999999 0.0 2.312535423847214
          0.96 0.0 2.312535423847214 1.0 0.0 2.312535423847214
          -1.0 0.040000000000000036 2.2750238935675013 -0.96 0.040000000000000036 2.2885269369203343
          -0.92 0.040000000000000036 2.312535423847214 -0.88 0.040000000000000036 2.312535423847214
          -0.84 0.040000000000000036 2.312535423847214 -0.8 0.040000000000000036 2.312535423847214
          -0.76 0.040000000000000036 2.2980767988391255 -0.72 0.040000000000000036 2.2760449912983587
          -0.6799999999999999 0.040000000000000036 2.274568080376995 -0.64 0.040000000000000036 2.274439487709129
          -0.6 0.040000000000000036 2.274725331151701 -0.56 0.040000000000000036 2.277311999744632
          -0.52 0.040000000000000036 2.2843943185515676 -0.48 0.040000000000000036 2.312535423847214
          -0.43999999999999995 0.040000000000000036 2.312535423847214 -0.4 0.040000000000000036 2.312535423847214
          -0.36 0.040000000000000036 2.312535423847214 -0.31999999999999995 0.040000000000000036 2.2845027391037394
          -0.28 0.040000000000000036 2.312535423847214 -0.24 0.040000000000000036 2.312535423847214
          -0.19999999999999996 0.040000000000000036 2.312535423847214 -0.16000000000000003 0.040000000000000036 2.312535423847214
          -0.12 0.040000000000000036 2.312535423847214 -0.07999999999999996 0.040000000000000036 2.2761785906418206
          -0.040000000000000036 0.040000000000000036 2.2307674901459085 0.0 0.040000000000000036 2.205929248265716
          0.040000000000000036 0.040000000000000036 2.211824035220706 0.08000000000000007 0.040000000000000036 2.2296905357036594
          0.1200000000000001 0.040000000000000036 2.2603430045921415 0.15999999999999992 0.040000000000000036 2.296322067979076
          0.19999999999999996 0.040000000000000036 2.312535423847214 0.24 0.040000000000000036 2.312535423847214
          0.28 0.040000000000000036 2.312535423847214 0.32000000000000006 0.040000000000000036 2.312535423847214
          0.3600000000000001 0.040000000000000036 2.312535423847214 0.40000000000000013 0.040000000000000036 2.312535423847214
          0.43999999999999995 0.040000000000000036 2.312535423847214 0.48 0.040000000000000036 2.312535423847214
          0.52 0.040000000000000036 2.312535423847214 0.56 0.040000000000000036 2.312535423847214
          0.6000000000000001 0.040000000000000036 2.312535423847214 0.6400000000000001 0.040000000000000036 2.312535423847214
          0.6799999999999999 0.040000000000000036 2.312535423847214 0.72 0.040000000000000036 2.312535423847214
          0.76 0.040000000000000036 2.312535423847214 0.8 0.040000000000000036 2.312535423847214
          0.8400000000000001 0.040000000000000036 2.312535423847214 0.8800000000000001 0.040000000000000036 2.312535423847214
          0.9199999999999999 0.040000000000000036 2.312535423847214 0.96 0.040000000000000036 2.312535423847214
          1.0 0.040000000000000036 2.312535423847214 -1.0 0.08000000000000007 2.2762734540499934
          -0.96 0.08000000000000007 2.312535423847214 -0.92 0.08000000000000007 2.312535423847214
          -0.88 0.08000000000000007 2.312535423847214 -0.84 0.08000000000000007 2.312535423847214
          -0.8 0.08000000000000007 2.3112789435613075 -0.76 0.08000000000000007 2.276223092947061
          -0.72 0.08000000000000007 2.2743434493217403 -0.6799999999999999 0.08000000000000007 2.2740501561099022
          -0.64 0.08000000000000007 2.27446888262041 -0.6 0.08000000000000007 2.2765344817591164
          -0.56 0.08000000000000007 2.282432537294855 -0.52 0.08000000000000007 2.3023608205729325
          -0.48 0.08000000000000007 2.312535423847214 -0.43999999999999995 0.08000000000000007 2.312535423847214
          -0.4 0.08000000000000007 2.312535423847214 -0.36 0.08000000000000007 2.2857889005198966
          -0.31999999999999995 0.08000000000000007 2.285871230386084 -0.28 0.08000000000000007 2.312535423847214
          -0.24 0.08000000000000007 2.312535423847214 -0.19999999999999996 0.08000000000000007 2.312535423847214
          -0.16000000000000003 0.08000000000000007 2.312535423847214 -0.12 0.08000000000000007 2.2884090408532813
          -0.07999999999999996 0.08000000000000007 2.239585460669854 -0.040000000000000036 0.08000000000000007 2.2096851077969277
          0.0 0.08000000000000007 2.2104953222264982 0.040000000000000036 0.08000000000000007 2.226647339633195
          0.08000000000000007 0.08000000000000007 2.2531711842185342 0.1200000000000001 0.08000000000000007 2.285302809352737
          0.15999999999999992 0.08000000000000007 2.312535423847214 0.19999999999999996 0.08000000000000007 2.312535423847214
          0.24 0.08000000000000007 2.312535423847214 0.28 0.08000000000000007 2.312535423847214
          0.32000000000000006 0.08000000000000007 2.312535423847214 0.3600000000000001 0.08000000000000007 2.312535423847214
          0.40000000000000013 0.08000000000000007 2.312535423847214 0.43999999999999995 0.08000000000000007 2.312535423847214
          0.48 0.08000000000000007 2.312535423847214 0.52 0.08000000000000007 2.312535423847214
          0.56 0.08000000000000007 2.312535423847214 0.6000000000000001 0.08000000000000007 2.312535423847214
          0.6400000000000001 0.08000000000000007 2.312535423847214 0.6799999999999999 0.08000000000000007 2.312535423847214
          0.72 0.08000000000000007 2.312535423847214 0.76 0.08000000000000007 2.312535423847214
          0.8 0.08000000000000007 2.312535423847214 0.8400000000000001 0.08000000000000007 2.312535423847214
          0.8800000000000001 0.08000000000000007 2.312535423847214 0.9199999999999999 0.08000000000000007 2.312535423847214
          0.96 0.08000000000000007 2.312535423847214 1.0 0.08000000000000007 2.312535423847214
          -1.0 0.1200000000000001 2.312535423847214 -0.96 0.1200000000000001 2.312535423847214
          -0.92 0.1200000000000001 2.312535423847214 -0.88 0.1200000000000001 2.312535423847214
          -0.84 0.1200000000000001 2.312535423847214 -0.8 0.1200000000000001 2.277144343692316
          -0.76 0.1200000000000001 2.274494538747828 -0.72 0.1200000000000001 2.2742085337160467
          -0.6799999999999999 0.1200000000000001 2.2741851960394155 -0.64 0.1200000000000001 2.2757107397133125
          -0.6 0.1200000000000001 2.2804633680420388 -0.56 0.1200000000000001 2.2946380094575525
          -0.52 0.1200000000000001 2.312535423847214 -0.48 0.1200000000000001 2.312535423847214
          -0.43999999999999995 0.1200000000000001 2.312535423847214 -0.4 0.1200000000000001 2.275871045638806
          -0.36 0.1200000000000001 2.2898261458709896 -0.31999999999999995 0.1200000000000001 2.312535423847214
          -0.28 0.1200000000000001 2.312535423847214 -0.24 0.1200000000000001 2.312535423847214
          -0.19999999999999996 0.1200000000000001 2.312535423847214 -0.16000000000000003 0.1200000000000001 2.3025524844183183
          -0.12 0.1200000000000001 2.2516673985154303 -0.07999999999999996 0.1200000000000001 2.214192244758291
          -0.040000000000000036 0.1200000000000001 2.2088542166257286 0.0 0.1200000000000001 2.2229340887044593
          0.040000000000000036 0.1200000000000001 2.249246875098646 0.08000000000000007 0.1200000000000001 2.273719491447254
          0.1200000000000001 0.1200000000000001 2.312535423847214 0.15999999999999992 0.1200000000000001 2.312535423847214
          0.19999999999999996 0.1200000000000001 2.312535423847214 0.24 0.1200000000000001 2.312535423847214
          0.28 0.1200000000000001 2.312535423847214 0.32000000000000006 0.1200000000000001 2.312535423847214
          0.3600000000000001 0.1200000000000001 2.312535423847214 0.40000000000000013 0.1200000000000001 2.312535423847214
          0.43999999999999995 0.1200000000000001 2.312535423847214 0.48 0.1200000000000001 2.312535423847214
          0.52 0.1200000000000001 2.312535423847214 0.56 0.1200000000000001 2.312535423847214
          0.6000000000000001 0.1200000000000001 2.312535423847214 0.6400000000000001 0.1200000000000001 2.312535423847214
          0.6799999999999999 0.1200000000000001 2.312535423847214 0.72 0.1200000000000001 2.312535423847214
          0.76 0.1200000000000001 2.312535423847214 0.8 0.1200000000000001 2.312535423847214
          0.8400000000000001 0.1200000000000001 2.312535423847214 0.8800000000000001 0.1200000000000001 2.312535423847214
          0.9199999999999999 0.1200000000000001 2.312535423847214 0.96 0.1200000000000001 2.312535423847214
          1.0 0.1200000000000001 2.312535423847214 -1.0 0.15999999999999992 2.312535423847214
          -0.96 0.15999999999999992 2.312535423847214 -0.92 0.15999999999999992 2.312535423847214
          -0.88 0.15999999999999992 2.312535423847214 -0.84 0.15999999999999992 2.277870073526875
          -0.8 0.15999999999999992 2.274959325024836 -0.76 0.15999999999999992 2.273920751477431
          -0.72 0.15999999999999992 2.2738893738407606 -0.6799999999999999 0.15999999999999992 2.275213243381344
          -0.64 0.15999999999999992 2.2786928316172923 -0.6 0.15999999999999992 2.289246051201333
          -0.56 0.15999999999999992 2.312535423847214 -0.52 0.15999999999999992 2.312535423847214
          -0.48 0.15999999999999992 2.312535423847214 -0.43999999999999995 0.15999999999999992 2.28065447297962
          -0.4 0.15999999999999992 2.275548267213372 -0.36 0.15999999999999992 2.312535423847214
          -0.31999999999999995 0.15999999999999992 2.312535423847214 -0.28 0.15999999999999992 2.312535423847214
          -0.24 0.15999999999999992 2.312535423847214 -0.19999999999999996 0.15999999999999992 2.312535423847214
          -0.16000000000000003 0.15999999999999992 2.2616416007836335 -0.12 0.15999999999999992 2.222116408824693
          -0.07999999999999996 0.15999999999999992 2.2114479665723636 -0.040000000000000036 0.15999999999999992 2.222824385319206
          0.0 0.15999999999999992 2.2431992785019474 0.040000000000000036 0.15999999999999992 2.2717096953731772
          0.08000000000000007 0.15999999999999992 2.3121497521290233 0.1200000000000001 0.15999999999999992 2.312535423847214
          0.15999999999999992 0.15999999999999992 2.312535423847214 0.19999999999999996 0.15999999999999992 2.312535423847214
          0.24 0.15999999999999992 2.312535423847214 0.28 0.15999999999999992 2.312535423847214
          0.32000000000000006 0.15999999999999992 2.312535423847214 0.3600000000000001 0.15999999999999992 2.312535423847214
          0.40000000000000013 0.15999999999999992 2.312535423847214 0.43999999999999995 0.15999999999999992 2.312535423847214
          0.48 0.15999999999999992 2.312535423847214 0.52 0.15999999999999992 2.312535423847214
          0.56 0.15999999999999992 2.312535423847214 0.6000000000000001 0.15999999999999992 2.312535423847214
          0.6400000000000001 0.15999999999999992 2.312535423847214 0.6799999999999999 0.15999999999999992 2.312535423847214
          0.72 0.15999999999999992 2.312535423847214 0.76 0.15999999999999992 2.312535423847214
          0.8 0.15999999999999992 2.312535423847214 0.8400000000000001 0.15999999999999992 2.312535423847214
          0.8800000000000001 0.15999999999999992 2.312535423847214 0.9199999999999999 0.15999999999999992 2.312535423847214
          0.96 0.15999999999999992 2.312535423847214 1.0 0.15999999999999992 2.312535423847214
          -1.0 0.19999999999999996 2.312535423847214 -0.96 0.19999999999999996 2.312535423847214
          -0.92 0.19999999999999996 2.312535423847214 -0.88 0.19999999999999996 2.2791878039014764
          -0.84 0.19999999999999996 2.275113270932843 -0.8 0.19999999999999996 2.2740207379275437
          -0.76 0.19999999999999996 2.274021748042135 -0.72 0.19999999999999996 2.274872963730912
          -0.6799999999999999 0.19999999999999996 2.2773098969546823 -0.64 0.19999999999999996 2.2843112099750273
          -0.6 0.19999999999999996 2.312535423847214 -0.56 0.19999999999999996 2.312535423847214
          -0.52 0.19999999999999996 2.312535423847214 -0.48 0.19999999999999996 2.2819534973632076
          -0.43999999999999995 0.19999999999999996 2.2755699970086845 -0.4 0.19999999999999996 2.291893546262078
          -0.36 0.19999999999999996 2.312535423847214 -0.31999999999999995 0.19999999999999996 2.312535423847214
          -0.28 0.19999999999999996 2.312535423847214 -0.24 0.19999999999999996 2.312535423847214
          -0.19999999999999996 0.19999999999999996 2.2766989589401776 -0.16000000000000003 0.19999999999999996 2.230720650831715
          -0.12 0.19999999999999996 2.2128148361458444 -0.07999999999999996 0.19999999999999996 2.221231798872609
          -0.040000000000000036 0.19999999999999996 2.241339254269237 0.0 0.19999999999999996 2.2657863749502916
          0.040000000000000036 0.19999999999999996 2.3040277194207337 0.08000000000000007 0.19999999999999996 2.312535423847214
          0.1200000000000001 0.19999999999999996 2.312535423847214 0.15999999999999992 0.19999999999999996 2.312535423847214
          0.19999999999999996 0.19999999999999996 2.312535423847214 0.24 0.19999999999999996 2.312535423847214
          0.28 0.19999999999999996 2.312535423847214 0.32000000000000006 0.19999999999999996 2.312535423847214
          0.3600000000000001 0.19999999999999996 2.312535423847214 0.40000000000000013 0.19999999999999996 2.312535423847214
          0.43999999999999995 0.19999999999999996 2.312535423847214 0.48 0.19999999999999996 2.312535423847214
          0.52 0.19999999999999996 2.312535423847214 0.56 0.19999999999999996 2.312535423847214
          0.6000000000000001 0.19999999999999996 2.312535423847214 0.6400000000000001 0.19999999999999996 2.312535423847214
          0.6799999999999999 0.19999999999999996 2.312535423847214 0.72 0.19999999999999996 2.312535423847214
          0.76 0.19999999999999996 2.312535423847214 0.8 0.19999999999999996 2.312535423847214
          0.8400000000000001 0.19999999999999996 2.312535423847214 0.8800000000000001 0.19999999999999996 2.312535423847214
          0.9199999999999999 0.19999999999999996 2.312535423847214 0.96 0.19999999999999996 2.312535423847214
          1.0 0.19999999999999996 2.312535423847214 -1.0 0.24 2.312535423847214
          -0.96 0.24 2.312535423847214 -0.92 0.24 2.28083248361044
          -0.88 0.24 2.275572563408508 -0.84 0.24 2.2741455742940526
          -0.8 0.24 2.2740077820399835 -0.76 0.24 2.2744974869233188
          -0.72 0.24 2.276111208310182 -0.6799999999999999 0.24 2.28101393856593
          -0.64 0.24 2.299951346872521 -0.6 0.24 2.312535423847214
          -0.56 0.24 2.312535423847214 -0.52 0.24 2.284936639067806
          -0.48 0.24 2.2761211813027042 -0.43999999999999995 0.24 2.28236154280464
          -0.4 0.24 2.312535423847214 -0.36 0.24 2.312535423847214
          -0.31999999999999995 0.24 2.312535423847214 -0.28 0.24 2.312535423847214
          -0.24 0.24 2.2905122116060532 -0.19999999999999996 0.24 2.2416125092050168
          -0.16000000000000003 0.24 2.217461022615546 -0.12 0.24 2.227033442473889
          -0.07999999999999996 0.24 2.2410616034878306 -0.040000000000000036 0.24 2.263226867353394
          0.0 0.24 2.2991903897257973 0.040000000000000036 0.24 2.312535423847214
          0.08000000000000007 0.24 2.312535423847214 0.1200000000000001 0.24 2.312535423847214
          0.15999999999999992 0.24 2.312535423847214 0.19999999999999996 0.24 2.312535423847214
          0.24 0.24 2.312535423847214 0.28 0.24 2.312535423847214
          0.32000000000000006 0.24 2.312535423847214 0.3600000000000001 0.24 2.312535423847214
          0.40000000000000013 0.24 2.312535423847214 0.43999999999999995 0.24 2.312535423847214
          0.48 0.24 2.312535423847214 0.52 0.24 2.312535423847214
          0.56 0.24 2.312535423847214 0.6000000000000001 0.24 2.312535423847214
          0.6400000000000001 0.24 2.312535423847214 0.6799999999999999 0.24 2.312535423847214
          0.72 0.24 2.312535423847214 0.76 0.24 2.312535423847214
          0.8 0.24 2.312535423847214 0.8400000000000001 0.24 2.312535423847214
          0.8800000000000001 0.24 2.312535423847214 0.9199999999999999 0.24 2.312535423847214
          0.96 0.24 2.312535423847214 1.0 0.24 2.312535423847214
          -1.0 0.28 2.312535423847214 -0.96 0.28 2.282358796349663
          -0.92 0.28 2.2759890032760253 -0.88 0.28 2.2743671895338986
          -0.84 0.28 2.2740585533644064 -0.8 0.28 2.2742354945459424
          -0.76 0.28 2.2756055217309585 -0.72 0.28 2.278617725120722
          -0.6799999999999999 0.28 2.2902302020002567 -0.64 0.28 2.312535423847214
          -0.6 0.28 2.312535423847214 -0.56 0.28 2.2832092159131303
          -0.52 0.28 2.2772637861261957 -0.48 0.28 2.2790274426302375
          -0.43999999999999995 0.28 2.309440639877702 -0.4 0.28 2.312535423847214
          -0.36 0.28 2.312535423847214 -0.31999999999999995 0.28 2.312535423847214
          -0.28 0.28 2.307548106250835 -0.24 0.28 2.2538257478546724
          -0.19999999999999996 0.28 2.2228011027545462 -0.16000000000000003 0.28 2.22376537985262
          -0.12 0.28 2.240421787560267 -0.07999999999999996 0.28 2.263618183612391
          -0.040000000000000036 0.28 2.2929986744964217 0.0 0.28 2.312535423847214
          0.040000000000000036 0.28 2.312535423847214 0.08000000000000007 0.28 2.312535423847214
          0.1200000000000001 0.28 2.312535423847214 0.15999999999999992 0.28 2.312535423847214
          0.19999999999999996 0.28 2.312535423847214 0.24 0.28 2.312535423847214
          0.28 0.28 2.312535423847214 0.32000000000000006 0.28 2.312535423847214
          0.3600000000000001 0.28 2.312535423847214 0.40000000000000013 0.28 2.312535423847214
          0.43999999999999995 0.28 2.312535423847214 0.48 0.28 2.312535423847214
          0.52 0.28 2.312535423847214 0.56 0.28 2.312535423847214
          0.6000000000000001 0.28 2.312535423847214 0.6400000000000001 0.28 2.312535423847214
          0.6799999999999999 0.28 2.312535423847214 0.72 0.28 2.312535423847214
          0.76 0.28 2.312535423847214 0.8 0.28 2.312535423847214
          0.8400000000000001 0.28 2.312535423847214 0.8800000000000001 0.28 2.312535423847214
          0.9199999999999999 0.28 2.312535423847214 0.96 0.28 2.312535423847214
          1.0 0.28 2.312535423847214 -1.0 0.32000000000000006 2.285203731028151
          -0.96 0.32000000000000006 2.2769973334380738 -0.92 0.32000000000000006 2.274833882334177
          -0.88 0.32000000000000006 2.274123385350982 -0.84 0.32000000000000006 2.2739220291491256
          -0.8 0.32000000000000006 2.27467846819764 -0.76 0.32000000000000006 2.276683182959845
          -0.72 0.32000000000000006 2.2845957703641053 -0.6799999999999999 0.32000000000000006 2.312535423847214
          -0.64 0.32000000000000006 2.312535423847214 -0.6 0.32000000000000006 2.299681677080537
          -0.56 0.32000000000000006 2.2793605990789634 -0.52 0.32000000000000006 2.278262478147445
          -0.48 0.32000000000000006 2.2898309661499634 -0.43999999999999995 0.32000000000000006 2.312535423847214
          -0.4 0.32000000000000006 2.312535423847214 -0.36 0.32000000000000006 2.312535423847214
          -0.31999999999999995 0.32000000000000006 2.312535423847214 -0.28 0.32000000000000006 2.2677161672551214
          -0.24 0.32000000000000006 2.2330725441741883 -0.19999999999999996 0.32000000000000006 2.2266450080247657
          -0.16000000000000003 0.32000000000000006 2.2391199944643767 -0.12 0.32000000000000006 2.2607766036214683
          -0.07999999999999996 0.32000000000000006 2.2920629306452738 -0.040000000000000036 0.32000000000000006 2.312535423847214
          0.0 0.32000000000000006 2.312535423847214 0.040000000000000036 0.32000000000000006 2.312535423847214
          0.08000000000000007 0.32000000000000006 2.312535423847214 0.1200000000000001 0.32000000000000006 2.312535423847214
          0.15999999999999992 0.32000000000000006 2.312535423847214 0.19999999999999996 0.32000000000000006 2.312535423847214
          0.24 0.32000000000000006 2.312535423847214 0.28 0.32000000000000006 2.312535423847214
          0.32000000000000006 0.32000000000000006 2.312535423847214 0.3600000000000001 0.32000000000000006 2.312535423847214
          0.40000000000000013 0.32000000000000006 2.312535423847214 0.43999999999999995 0.32000000000000006 2.312535423847214
          0.48 0.32000000000000006 2.312535423847214 0.52 0.32000000000000006 2.312535423847214
          0.56 0.32000000000000006 2.312535423847214 0.6000000000000001 0.32000000000000006 2.312535423847214
          0.6400000000000001 0.32000000000000006 2.312535423847214 0.6799999999999999 0.32000000000000006 2.312535423847214
          0.72 0.32000000000000006 2.312535423847214 0.76 0.32000000000000006 2.312535423847214
          0.8 0.32000000000000006 2.312535423847214 0.8400000000000001 0.32000000000000006 2.312535423847214
          0.8800000000000001 0.32000000000000006 2.312535423847214 0.9199999999999999 0.32000000000000006 2.312535423847214
          0.96 0.32000000000000006 2.312535423847214 1.0 0.32000000000000006 2.312535423847214
          -1.0 0.3600000000000001 2.2778427956842453 -0.96 0.3600000000000001 2.275272837343939
          -0.92 0.3600000000000001 2.274195982161047 -0.88 0.3600000000000001 2.2737206812138218
          -0.84 0.3600000000000001 2.273998389472682 -0.8 0.3600000000000001 2.2751904039553175
          -0.76 0.3600000000000001 2.280249008538744 -0.72 0.3600000000000001 2.30028777181589
          -0.6799999999999999 0.3600000000000001 2.312535423847214 -0.64 0.3600000000000001 2.3054805011566026
          -0.6 0.3600000000000001 2.2799554020879076 -0.56 0.3600000000000001 2.2779630954645493
          -0.52 0.3600000000000001 2.2875264134700766 -0.48 0.3600000000000001 2.312535423847214
          -0.43999999999999995 0.3600000000000001 2.312535423847214 -0.4 0.3600000000000001 2.312535423847214
          -0.36 0.3600000000000001 2.312535423847214 -0.31999999999999995 0.3600000000000001 2.28304692465961
          -0.28 0.3600000000000001 2.2426227135162637 -0.24 0.3600000000000001 2.2312996819016386
          -0.19999999999999996 0.3600000000000001 2.2461720826463507 -0.16000000000000003 0.3600000000000001 2.260142417738027
          -0.12 0.3600000000000001 2.287672201191255 -0.07999999999999996 0.3600000000000001 2.312535423847214
          -0.040000000000000036 0.3600000000000001 2.312535423847214 0.0 0.3600000000000001 2.312535423847214
          0.040000000000000036 0.3600000000000001 2.312535423847214 0.08000000000000007 0.3600000000000001 2.312535423847214
          0.1200000000000001 0.3600000000000001 2.312535423847214 0.15999999999999992 0.3600000000000001 2.312535423847214
          0.19999999999999996 0.3600000000000001 2.312535423847214 0.24 0.3600000000000001 2.312535423847214
          0.28 0.3600000000000001 2.312535423847214 0.32000000000000006 0.3600000000000001 2.312535423847214
          0.3600000000000001 0.3600000000000001 2.312535423847214 0.40000000000000013 0.3600000000000001 2.312535423847214
          0.43999999999999995 0.3600000000000001 2.312535423847214 0.48 0.3600000000000001 2.312535423847214
          0.52 0.3600000000000001 2.312535423847214 0.56 0.3600000000000001 2.312535423847214
          0.6000000000000001 0.3600000000000001 2.312535423847214 0.6400000000000001 0.3600000000000001 2.312535423847214
          0.6799999999999999 0.3600000000000001 2.312535423847214 0.72 0.3600000000000001 2.312535423847214
          0.76 0.3600000000000001 2.312535423847214 0.8 0.3600000000000001 2.312535423847214
          0.8400000000000001 0.3600000000000001 2.312535423847214 0.8800000000000001 0.3600000000000001 2.312535423847214
          0.9199999999999999 0.3600000000000001 2.312535423847214 0.96 0.3600000000000001 2.312535423847214
          1.0 0.3600000000000001 2.312535423847214 -1.0 0.40000000000000013 2.2759840776257407
          -0.96 0.40000000000000013 2.274520222149676 -0.92 0.40000000000000013 2.2739084128173075
          -0.88 0.40000000000000013 2.273836664395995 -0.84 0.40000000000000013 2.2743914666319034
          -0.8 0.40000000000000013 2.277424217986529 -0.76 0.40000000000000013 2.289590092090031
          -0.72 0.40000000000000013 2.312535423847214 -0.6799999999999999 0.40000000000000013 2.312535423847214
          -0.64 0.40000000000000013 2.2839830375844103 -0.6 0.40000000000000013 2.279311125892441
          -0.56 0.40000000000000013 2.2857100855202916 -0.52 0.40000000000000013 2.312535423847214
          -0.48 0.40000000000000013 2.312535423847214 -0.43999999999999995 0.40000000000000013 2.312535423847214
          -0.4 0.40000000000000013 2.312535423847214 -0.36 0.40000000000000013 2.3001487713638373
          -0.31999999999999995 0.40000000000000013 2.2562798850572525 -0.28 0.40000000000000013 2.238831896493085
          -0.24 0.40000000000000013 2.2489934542176924 -0.19999999999999996 0.40000000000000013 2.2660093162074344
          -0.16000000000000003 0.40000000000000013 2.287532198672738 -0.12 0.40000000000000013 2.312535423847214
          -0.07999999999999996 0.40000000000000013 2.312535423847214 -0.040000000000000036 0.40000000000000013 2.312535423847214
          0.0 0.40000000000000013 2.312535423847214 0.040000000000000036 0.40000000000000013 2.312535423847214
          0.08000000000000007 0.40000000000000013 2.312535423847214 0.1200000000000001 0.40000000000000013 2.312535423847214
          0.15999999999999992 0.40000000000000013 2.312535423847214 0.19999999999999996 0.40000000000000013 2.312535423847214
          0.24 0.40000000000000013 2.312535423847214 0.28 0.40000000000000013 2.312535423847214
          0.32000000000000006 0.40000000000000013 2.312535423847214 0.3600000000000001 0.40000000000000013 2.312535423847214
          0.40000000000000013 0.40000000000000013 2.312535423847214 0.43999999999999995 0.40000000000000013 2.312535423847214
          0.48 0.40000000000000013 2.312535423847214 0.52 0.40000000000000013 2.312535423847214
          0.56 0.40000000000000013 2.312535423847214 0.6000000000000001 0.40000000000000013 2.312535423847214
          0.6400000000000001 0.40000000000000013 2.312535423847214 0.6799999999999999 0.40000000000000013 2.312535423847214
          0.72 0.40000000000000013 2.312535423847214 0.76 0.40000000000000013 2.312535423847214
          0.8 0.40000000000000013 2.312535423847214 0.8400000000000001 0.40000000000000013 2.312535423847214
          0.8800000000000001 0.40000000000000013 2.312535423847214 0.9199999999999999 0.40000000000000013 2.312535423847214
          0.96 0.40000000000000013 2.312535423847214 1.0 0.40000000000000013 2.312535423847214
          -1.0 0.43999999999999995 2.2753108595973965 -0.96 0.43999999999999995 2.2739345710775747
          -0.92 0.43999999999999995 2.273747279146358 -0.88 0.43999999999999995 2.2740398671045328
          -0.84 0.43999999999999995 2.275760368908242 -0.8 0.43999999999999995 2.282957758861515
          -0.76 0.43999999999999995 2.312535423847214 -0.72 0.43999999999999995 2.312535423847214
          -0.6799999999999999 0.43999999999999995 2.2980155954114996 -0.64 0.43999999999999995 2.286111579791459
          -0.6 0.43999999999999995 2.2851097811314562 -0.56 0.43999999999999995 2.303656485613008
          -0.52 0.43999999999999995 2.312535423847214 -0.48 0.43999999999999995 2.312535423847214
          -0.43999999999999995 0.43999999999999995 2.312535423847214 -0.4 0.43999999999999995 2.312535423847214
          -0.36 0.43999999999999995 2.2679790240612334 -0.31999999999999995 0.43999999999999995 2.2480393153716434
          -0.28 0.43999999999999995 2.2530695899522306 -0.24 0.43999999999999995 2.269577062748378
          -0.19999999999999996 0.43999999999999995 2.2933996077983387 -0.16000000000000003 0.43999999999999995 2.312535423847214
          -0.12 0.43999999999999995 2.312535423847214 -0.07999999999999996 0.43999999999999995 2.312535423847214
          -0.040000000000000036 0.43999999999999995 2.312535423847214 0.0 0.43999999999999995 2.312535423847214
          0.040000000000000036 0.43999999999999995 2.312535423847214 0.08000000000000007 0.43999999999999995 2.312535423847214
          0.1200000000000001 0.43999999999999995 2.312535423847214 0.15999999999999992 0.43999999999999995 2.312535423847214
          0.19999999999999996 0.43999999999999995 2.312535423847214 0.24 0.43999999999999995 2.312535423847214
          0.28 0.43999999999999995 2.312535423847214 0.32000000000000006 0.43999999999999995 2.312535423847214
          0.3600000000000001 0.43999999999999995 2.312535423847214 0.40000000000000013 0.43999999999999995 2.312535423847214
          0.43999999999999995 0.43999999999999995 2.312535423847214 0.48 0.43999999999999995 2.312535423847214
          0.52 0.43999999999999995 2.312535423847214 0.56 0.43999999999999995 2.312535423847214
          0.6000000000000001 0.43999999999999995 2.312535423847214 0.6400000000000001 0.43999999999999995 2.312535423847214
          0.6799999999999999 0.43999999999999995 2.312535423847214 0.72 0.43999999999999995 2.312535423847214
          0.76 0.43999999999999995 2.312535423847214 0.8 0.43999999999999995 2.312535423847214
          0.8400000000000001 0.43999999999999995 2.312535423847214 0.8800000000000001 0.43999999999999995 2.312535423847214
          0.9199999999999999 0.43999999999999995 2.312535423847214 0.96 0.43999999999999995 2.312535423847214
          1.0 0.43999999999999995 2.312535423847214 -1.0 0.48 2.2744936814472747
          -0.96 0.48 2.27378374038173 -0.92 0.48 2.273300531768071
          -0.88 0.48 2.2752235928543914 -0.84 0.48 2.2793903977078855
          -0.8 0.48 2.3017700218037493 -0.76 0.48 2.312535423847214
          -0.72 0.48 2.312535423847214 -0.6799999999999999 0.48 2.2891302418778237
          -0.64 0.48 2.2832705744594812 -0.6 0.48 2.304308639943965
          -0.56 0.48 2.312535423847214 -0.52 0.48 2.312535423847214
          -0.48 0.48 2.312535423847214 -0.43999999999999995 0.48 2.312535423847214
          -0.4 0.48 2.285377883269558 -0.36 0.48 2.2609200334765887
          -0.31999999999999995 0.48 2.2599704089518458 -0.28 0.48 2.275590219444327
          -0.24 0.48 2.2984851522522307 -0.19999999999999996 0.48 2.312535423847214
          -0.16000000000000003 0.48 2.312535423847214 -0.12 0.48 2.312535423847214
          -0.07999999999999996 0.48 2.312535423847214 -0.040000000000000036 0.48 2.312535423847214
          0.0 0.48 2.312535423847214 0.040000000000000036 0.48 2.312535423847214
          0.08000000000000007 0.48 2.312535423847214 0.1200000000000001 0.48 2.312535423847214
          0.15999999999999992 0.48 2.312535423847214 0.19999999999999996 0.48 2.312535423847214
          0.24 0.48 2.312535423847214 0.28 0.48 2.312535423847214
          0.32000000000000006 0.48 2.312535423847214 0.3600000000000001 0.48 2.312535423847214
          0.40000000000000013 0.48 2.312535423847214 0.43999999999999995 0.48 2.312535423847214
          0.48 0.48 2.312535423847214 0.52 0.48 2.312535423847214
          0.56 0.48 2.312535423847214 0.6000000000000001 0.48 2.312535423847214
          0.6400000000000001 0.48 2.312535423847214 0.6799999999999999 0.48 2.312535423847214
          0.72 0.48 2.312535423847214 0.76 0.48 2.312535423847214
          0.8 0.48 2.312535423847214 0.8400000000000001 0.48 2.312535423847214
          0.8800000000000001 0.48 2.312535423847214 0.9199999999999999 0.48 2.312535423847214
          0.96 0.48 2.312535423847214 1.0 0.48 2.312535423847214
          -1.0 0.52 2.273807586261381 -0.96 0.52 2.273162278640054
          -0.92 0.52 2.274266713252764 -0.88 0.52 2.2776763583256683
          -0.84 0.52 2.2909912649473734 -0.8 0.52 2.312535423847214
          -0.76 0.52 2.312535423847214 -0.72 0.52 2.312535423847214
          -0.6799999999999999 0.52 2.2928829331025926 -0.64 0.52 2.2937609010021927
          -0.6 0.52 2.312535423847214 -0.56 0.52 2.312535423847214
          -0.52 0.52 2.312535423847214 -0.48 0.52 2.312535423847214
          -0.43999999999999995 0.52 2.2998136805158516 -0.4 0.52 2.2702907762753957
          -0.36 0.52 2.2689915796768463 -0.31999999999999995 0.52 2.283101796010508
          -0.28 0.52 2.303681491667881 -0.24 0.52 2.312535423847214
          -0.19999999999999996 0.52 2.312535423847214 -0.16000000000000003 0.52 2.312535423847214
          -0.12 0.52 2.312535423847214 -0.07999999999999996 0.52 2.312535423847214
          -0.040000000000000036 0.52 2.312535423847214 0.0 0.52 2.312535423847214
          0.040000000000000036 0.52 2.312535423847214 0.08000000000000007 0.52 2.312535423847214
          0.1200000000000001 0.52 2.312535423847214 0.15999999999999992 0.52 2.312535423847214
          0.19999999999999996 0.52 2.312535423847214 0.24 0.52 2.312535423847214
          0.28 0.52 2.312535423847214 0.32000000000000006 0.52 2.312535423847214
          0.3600000000000001 0.52 2.312535423847214 0.40000000000000013 0.52 2.312535423847214
          0.43999999999999995 0.52 2.312535423847214 0.48 0.52 2.312535423847214
          0.52 0.52 2.312535423847214 0.56 0.52 2.312535423847214
          0.6000000000000001 0.52 2.312535423847214 0.6400000000000001 0.52 2.312535423847214
          0.6799999999999999 0.52 2.312535423847214 0.72 0.52 2.312535423847214
          0.76 0.52 2.312535423847214 0.8 0.52 2.312535423847214
          0.8400000000000001 0.52 2.312535423847214 0.8800000000000001 0.52 2.312535423847214
          0.9199999999999999 0.52 2.312535423847214 0.96 0.52 2.312535423847214
          1.0 0.52 2.312535423847214 -1.0 0.56 2.2734402527377826
          -0.96 0.56 2.273923457961838 -0.92 0.56 2.2764681192299507
          -0.88 0.56 2.285032171964184 -0.84 0.56 2.312535423847214
          -0.8 0.56 2.312535423847214 -0.76 0.56 2.312535423847214
          -0.72 0.56 2.310238825275277 -0.6799999999999999 0.56 2.302582762568293
          -0.64 0.56 2.312535423847214 -0.6 0.56 2.312535423847214
          -0.56 0.56 2.312535423847214 -0.52 0.56 2.312535423847214
          -0.48 0.56 2.312535423847214 -0.43999999999999995 0.56 2.2863387010817067
          -0.4 0.56 2.2817909656234394 -0.36 0.56 2.292189795309914
          -0.31999999999999995 0.56 2.312535423847214 -0.28 0.56 2.312535423847214
          -0.24 0.56 2.312535423847214 -0.19999999999999996 0.56 2.312535423847214
          -0.16000000000000003 0.56 2.312535423847214 -0.12 0.56 2.312535423847214
          -0.07999999999999996 0.56 2.312535423847214 -0.040000000000000036 0.56 2.312535423847214
          0.0 0.56 2.312535423847214 0.040000000000000036 0.56 2.312535423847214
          0.08000000000000007 0.56 2.312535423847214 0.1200000000000001 0.56 2.312535423847214
          0.15999999999999992 0.56 2.312535423847214 0.19999999999999996 0.56 2.312535423847214
          0.24 0.56 2.312535423847214 0.28 0.56 2.312535423847214
          0.32000000000000006 0.56 2.312535423847214 0.3600000000000001 0.56 2.312535423847214
          0.40000000000000013 0.56 2.312535423847214 0.43999999999999995 0.56 2.310528598311686
          0.48 0.56 2.3102488576425544 0.52 0.56 2.3102774342421903
          0.56 0.56 2.312535423847214 0.6000000000000001 0.56 2.312535423847214
          0.6400000000000001 0.56 2.312535423847214 0.6799999999999999 0.56 2.312535423847214
          0.72 0.56 2.312535423847214 0.76 0.56 2.312535423847214
          0.8 0.56 2.312535423847214 0.8400000000000001 0.56 2.312535423847214
          0.8800000000000001 0.56 2.312535423847214 0.9199999999999999 0.56 2.312535423847214
          0.96 0.56 2.312535423847214 1.0 0.56 2.312535423847214
          -1.0 0.6000000000000001 2.2739691587287028 -0.96 0.6000000000000001 2.2758089769416094
          -0.92 0.6000000000000001 2.283277992685075 -0.88 0.6000000000000001 2.3109797037036577
          -0.84 0.6000000000000001 2.312535423847214 -0.8 0.6000000000000001 2.312535423847214
          -0.76 0.6000000000000001 2.312535423847214 -0.72 0.6000000000000001 2.312535423847214
          -0.6799999999999999 0.6000000000000001 2.312535423847214 -0.64 0.6000000000000001 2.312535423847214
          -0.6 0.6000000000000001 2.312535423847214 -0.56 0.6000000000000001 2.312535423847214
          -0.52 0.6000000000000001 2.312535423847214 -0.48 0.6000000000000001 2.3046890179011665
          -0.43999999999999995 0.6000000000000001 2.2965682030982544 -0.4 0.6000000000000001 2.3061508590460855
          -0.36 0.6000000000000001 2.312535423847214 -0.31999999999999995 0.6000000000000001 2.312535423847214
          -0.28 0.6000000000000001 2.312535423847214 -0.24 0.6000000000000001 2.312535423847214
          -0.19999999999999996 0.6000000000000001 2.312535423847214 -0.16000000000000003 0.6000000000000001 2.312535423847214
          -0.12 0.6000000000000001 2.312535423847214 -0.07999999999999996 0.6000000000000001 2.312535423847214
          -0.040000000000000036 0.6000000000000001 2.312535423847214 0.0 0.6000000000000001 2.312535423847214
          0.040000000000000036 0.6000000000000001 2.312535423847214 0.08000000000000007 0.6000000000000001 2.312535423847214
          0.1200000000000001 0.6000000000000001 2.312535423847214 0.15999999999999992 0.6000000000000001 2.312535423847214
          0.19999999999999996 0.6000000000000001 2.312535423847214 0.24 0.6000000000000001 2.312535423847214
          0.28 0.6000000000000001 2.312535423847214 0.32000000000000006 0.6000000000000001 2.312535423847214
          0.3600000000000001 0.6000000000000001 2.3028363409211914 0.40000000000000013 0.6000000000000001 2.306150734925648
          0.43999999999999995 0.6000000000000001 2.2961220053274274 0.48 0.6000000000000001 2.2987197482868607
          0.52 0.6000000000000001 2.2966001100077245 0.56 0.6000000000000001 2.300365100230324
          0.6000000000000001 0.6000000000000001 2.2965787422050417 0.6400000000000001 0.6000000000000001 2.2957843483449265
          0.6799999999999999 0.6000000000000001 2.3055478234694577 0.72 0.6000000000000001 2.3023762121731264
          0.76 0.6000000000000001 2.3042837832834193 0.8 0.6000000000000001 2.3102614653175353
          0.8400000000000001 0.6000000000000001 2.312535423847214 0.8800000000000001 0.6000000000000001 2.312535423847214
          0.9199999999999999 0.6000000000000001 2.312535423847214 0.96 0.6000000000000001 2.312535423847214
          1.0 0.6000000000000001 2.312535423847214 -1.0 0.6400000000000001 2.275395319466926
          -0.96 0.6400000000000001 2.2807629599039636 -0.92 0.6400000000000001 2.299149980143523
          -0.88 0.6400000000000001 2.312535423847214 -0.84 0.6400000000000001 2.312535423847214
          -0.8 0.6400000000000001 2.312535423847214 -0.76 0.6400000000000001 2.312535423847214
          -0.72 0.6400000000000001 2.312535423847214 -0.6799999999999999 0.6400000000000001 2.312535423847214
          -0.64 0.6400000000000001 2.312535423847214 -0.6 0.6400000000000001 2.312535423847214
          -0.56 0.6400000000000001 2.312535423847214 -0.52 0.6400000000000001 2.312535423847214
          -0.48 0.6400000000000001 2.312535423847214 -0.43999999999999995 0.6400000000000001 2.312535423847214
          -0.4 0.6400000000000001 2.312535423847214 -0.36 0.6400000000000001 2.312535423847214
          -0.31999999999999995 0.6400000000000001 2.312535423847214 -0.28 0.6400000000000001 2.312535423847214
          -0.24 0.6400000000000001 2.312535423847214 -0.19999999999999996 0.6400000000000001 2.312535423847214
          -0.16000000000000003 0.6400000000000001 2.312535423847214 -0.12 0.6400000000000001 2.312535423847214
          -0.07999999999999996 0.6400000000000001 2.312535423847214 -0.040000000000000036 0.6400000000000001 2.312535423847214
          0.0 0.6400000000000001 2.312535423847214 0.040000000000000036 0.6400000000000001 2.312535423847214
          0.08000000000000007 0.6400000000000001 2.312535423847214 0.1200000000000001 0.6400000000000001 2.312535423847214
          0.15999999999999992 0.6400000000000001 2.312535423847214 0.19999999999999996 0.6400000000000001 2.312535423847214
          0.24 0.6400000000000001 2.312535423847214 0.28 0.6400000000000001 2.303308525667448
          0.32000000000000006 0.6400000000000001 2.304707042805404 0.3600000000000001 0.6400000000000001 2.293627906387854
          0.40000000000000013 0.6400000000000001 2.2919048434579095 0.43999999999999995 0.6400000000000001 2.291309270567081
          0.48 0.6400000000000001 2.2915411305108573 0.52 0.6400000000000001 2.2874595856600277
          0.56 0.6400000000000001 2.2888878306507743 0.6000000000000001 0.6400000000000001 2.286356268927827
          0.6400000000000001 0.6400000000000001 2.286570282984323 0.6799999999999999 0.6400000000000001 2.29858355780442
          0.72 0.6400000000000001 2.294795405453197 0.76 0.6400000000000001 2.2958906470012965
          0.8 0.6400000000000001 2.301472503819468 0.8400000000000001 0.6400000000000001 2.3020572740575505
          0.8800000000000001 0.6400000000000001 2.2988663078161555 0.9199999999999999 0.6400000000000001 2.3027836357083213
          0.96 0.6400000000000001 2.3110744192194335 1.0 0.6400000000000001 2.3035903315123347
          -1.0 0.6799999999999999 2.279703273142937 -0.96 0.6799999999999999 2.2912849772108066
          -0.92 0.6799999999999999 2.312535423847214 -0.88 0.6799999999999999 2.312535423847214
          -0.84 0.6799999999999999 2.312535423847214 -0.8 0.6799999999999999 2.312535423847214
          -0.76 0.6799999999999999 2.312535423847214 -0.72 0.6799999999999999 2.312535423847214
          -0.6799999999999999 0.6799999999999999 2.312535423847214 -0.64 0.6799999999999999 2.312535423847214
          -0.6 0.6799999999999999 2.312535423847214 -0.56 0.6799999999999999 2.312535423847214
          -0.52 0.6799999999999999 2.312535423847214 -0.48 0.6799999999999999 2.312535423847214
          -0.43999999999999995 0.6799999999999999 2.312535423847214 -0.4 0.6799999999999999 2.312535423847214
          -0.36 0.6799999999999999 2.312535423847214 -0.31999999999999995 0.6799999999999999 2.312535423847214
          -0.28 0.6799999999999999 2.312535423847214 -0.24 0.6799999999999999 2.312535423847214
          -0.19999999999999996 0.6799999999999999 2.312535423847214 -0.16000000000000003 0.6799999999999999 2.312535423847214
          -0.12 0.6799999999999999 2.312535423847214 -0.07999999999999996 0.6799999999999999 2.312535423847214
          -0.040000000000000036 0.6799999999999999 2.312535423847214 0.0 0.6799999999999999 2.312535423847214
          0.040000000000000036 0.6799999999999999 2.312535423847214 0.08000000000000007 0.6799999999999999 2.312535423847214
          0.1200000000000001 0.6799999999999999 2.312535423847214 0.15999999999999992 0.6799999999999999 2.312535423847214
          0.19999999999999996 0.6799999999999999 2.3071298351205494 0.24 0.6799999999999999 2.3003023327029894
          0.28 0.6799999999999999 2.291200184086534 0.32000000000000006 0.6799999999999999 2.289400752611786
          0.3600000000000001 0.6799999999999999 2.2855156229484197 0.40000000000000013 0.6799999999999999 2.2853783290527794
          0.43999999999999995 0.6799999999999999 2.286799106606602 0.48 0.6799999999999999 2.283956220770482
          0.52 0.6799999999999999 2.285994830974037 0.56 0.6799999999999999 2.288193547612789
          0.6000000000000001 0.6799999999999999 2.2828299440335336 0.6400000000000001 0.6799999999999999 2.2847549637196445
          0.6799999999999999 0.6799999999999999 2.2831170808582955 0.72 0.6799999999999999 2.2951357390923897
          0.76 0.6799999999999999 2.290521264762813 0.8 0.6799999999999999 2.291668289185197
          0.8400000000000001 0.6799999999999999 2.2835191567324444 0.8800000000000001 0.6799999999999999 2.293979023288128
          0.9199999999999999 0.6799999999999999 2.287752310691581 0.96 0.6799999999999999 2.289068474791541
          1.0 0.6799999999999999 2.290185124725039 -1.0 0.72 2.2868561930955047
          -0.96 0.72 2.312535423847214 -0.92 0.72 2.312535423847214
          -0.88 0.72 2.312535423847214 -0.84 0.72 2.312535423847214
          -0.8 0.72 2.312535423847214 -0.76 0.72 2.312535423847214
          -0.72 0.72 2.312535423847214 -0.6799999999999999 0.72 2.312535423847214
          -0.64 0.72 2.312535423847214 -0.6 0.72 2.312535423847214
          -0.56 0.72 2.312535423847214 -0.52 0.72 2.312535423847214
          -0.48 0.72 2.312535423847214 -0.43999999999999995 0.72 2.312535423847214
          -0.4 0.72 2.312535423847214 -0.36 0.72 2.312535423847214
          -0.31999999999999995 0.72 2.312535423847214 -0.28 0.72 2.312535423847214
          -0.24 0.72 2.312535423847214 -0.19999999999999996 0.72 2.312535423847214
          -0.16000000000000003 0.72 2.312535423847214 -0.12 0.72 2.312535423847214
          -0.07999999999999996 0.72 2.312535423847214 -0.040000000000000036 0.72 2.312535423847214
          0.0 0.72 2.312535423847214 0.040000000000000036 0.72 2.312535423847214
          0.08000000000000007 0.72 2.312535423847214 0.1200000000000001 0.72 2.311174484123828
          0.15999999999999992 0.72 2.2975235798847526 0.19999999999999996 0.72 2.291247355828964
          0.24 0.72 2.287915334664235 0.28 0.72 2.284318064896616
          0.32000000000000006 0.72 2.283043283021772 0.3600000000000001 0.72 2.283090735353635
          0.40000000000000013 0.72 2.281705082307467 0.43999999999999995 0.72 2.2818134893122823
          0.48 0.72 2.2826015504046544 0.52 0.72 2.282847484756959
          0.56 0.72 2.2806311576677616 0.6000000000000001 0.72 2.2808235402196173
          0.6400000000000001 0.72 2.2794825495567355 0.6799999999999999 0.72 2.2831887399028648
          0.72 0.72 2.28208445370115 0.76 0.72 2.2812208760662287
          0.8 0.72 2.2833372966293157 0.8400000000000001 0.72 2.2817266980244484
          0.8800000000000001 0.72 2.286155822841254 0.9199999999999999 0.72 2.2859268037926186
          0.96 0.72 2.2840757222872057 1.0 0.72 2.2834555364225486
          -1.0 0.76 2.3016760709469346 -0.96 0.76 2.312535423847214
          -0.92 0.76 2.312535423847214 -0.88 0.76 2.312535423847214
          -0.84 0.76 2.312535423847214 -0.8 0.76 2.312535423847214
          -0.76 0.76 2.312535423847214 -0.72 0.76 2.312535423847214
          -0.6799999999999999 0.76 2.312535423847214 -0.64 0.76 2.312535423847214
          -0.6 0.76 2.312535423847214 -0.56 0.76 2.312535423847214
          -0.52 0.76 2.312535423847214 -0.48 0.76 2.312535423847214
          -0.43999999999999995 0.76 2.312535423847214 -0.4 0.76 2.312535423847214
          -0.36 0.76 2.312535423847214 -0.31999999999999995 0.76 2.312535423847214
          -0.28 0.76 2.312535423847214 -0.24 0.76 2.312535423847214
          -0.19999999999999996 0.76 2.312535423847214 -0.16000000000000003 0.76 2.312535423847214
          -0.12 0.76 2.312535423847214 -0.07999999999999996 0.76 2.312535423847214
          -0.040000000000000036 0.76 2.312535423847214 0.0 0.76 2.312535423847214
          0.040000000000000036 0.76 2.312535423847214 0.08000000000000007 0.76 2.3024912603323853
          0.1200000000000001 0.76 2.2929662245404403 0.15999999999999992 0.76 2.288831887651828
          0.19999999999999996 0.76 2.2856098469807615 0.24 0.76 2.284061177770259
          0.28 0.76 2.282266864143946 0.32000000000000006 0.76 2.2816023953671465
          0.3600000000000001 0.76 2.280747161726304 0.40000000000000013 0.76 2.280646972337623
          0.43999999999999995 0.76 2.280480325354401 0.48 0.76 2.2797903717278794
          0.52 0.76 2.2804732345292824 0.56 0.76 2.279010411265563
          0.6000000000000001 0.76 2.2789682395620363 0.6400000000000001 0.76 2.2819175920252475
          0.6799999999999999 0.76 2.2787270647513793 0.72 0.76 2.2786385887535885
          0.76 0.76 2.2783839630432063 0.8 0.76 2.282080902759042
          0.8400000000000001 0.76 2.280513703369363 0.8800000000000001 0.76 2.281614971718657
          0.9199999999999999 0.76 2.2816679689021653 0.96 0.76 2.2818097076252544
          1.0 0.76 2.2798291419261902 -1.0 0.8 2.312535423847214
          -0.96 0.8 2.312535423847214 -0.92 0.8 2.312535423847214
          -0.88 0.8 2.312535423847214 -0.84 0.8 2.312535423847214
          -0.8 0.8 2.312535423847214 -0.76 0.8 2.312535423847214
          -0.72 0.8 2.312535423847214 -0.6799999999999999 0.8 2.312535423847214
          -0.64 0.8 2.312535423847214 -0.6 0.8 2.312535423847214
          -0.56 0.8 2.312535423847214 -0.52 0.8 2.312535423847214
          -0.48 0.8 2.312535423847214 -0.43999999999999995 0.8 2.312535423847214
          -0.4 0.8 2.312535423847214 -0.36 0.8 2.312535423847214
          -0.31999999999999995 0.8 2.312535423847214 -0.28 0.8 2.312535423847214
          -0.24 0.8 2.312535423847214 -0.19999999999999996 0.8 2.312535423847214
          -0.16000000000000003 0.8 2.312535423847214 -0.12 0.8 2.312535423847214
          -0.07999999999999996 0.8 2.312535423847214 -0.040000000000000036 0.8 2.312535423847214
          0.0 0.8 2.306703914190187 0.040000000000000036 0.8 2.2973977792462867
          0.08000000000000007 0.8 2.2897100908703925 0.1200000000000001 0.8 2.2861621322767007
          0.15999999999999992 0.8 2.2847026192724025 0.19999999999999996 0.8 2.2825322850588554
          0.24 0.8 2.281318225052682 0.28 0.8 2.28101904673325
          0.32000000000000006 0.8 2.2805547997384217 0.3600000000000001 0.8 2.279905501583775
          0.40000000000000013 0.8 2.2797992603128154 0.43999999999999995 0.8 2.2798957183497186
          0.48 0.8 2.2793530504195436 0.52 0.8 2.2786338548515452
          0.56 0.8 2.2783474108637387 0.6000000000000001 0.8 2.278248938706737
          0.6400000000000001 0.8 2.27853466801953 0.6799999999999999 0.8 2.278235534039117
          0.72 0.8 2.2787062700664684 0.76 0.8 2.279087657620703
          0.8 0.8 2.2785802546122045 0.8400000000000001 0.8 2.278339520268665
          0.8800000000000001 0.8 2.2791369849388157 0.9199999999999999 0.8 2.278664103988975
          0.96 0.8 2.2787190035069753 1.0 0.8 2.279381987260711
          -1.0 0.8400000000000001 2.312535423847214 -0.96 0.8400000000000001 2.312535423847214
          -0.92 0.8400000000000001 2.312535423847214 -0.88 0.8400000000000001 2.312535423847214
          -0.84 0.8400000000000001 2.312535423847214 -0.8 0.8400000000000001 2.312535423847214
          -0.76 0.8400000000000001 2.312535423847214 -0.72 0.8400000000000001 2.312535423847214
          -0.6799999999999999 0.8400000000000001 2.312535423847214 -0.64 0.8400000000000001 2.312535423847214
          -0.6 0.8400000000000001 2.312535423847214 -0.56 0.8400000000000001 2.312535423847214
          -0.52 0.8400000000000001 2.312535423847214 -0.48 0.8400000000000001 2.312535423847214
          -0.43999999999999995 0.8400000000000001 2.312535423847214 -0.4 0.8400000000000001 2.312535423847214
          -0.36 0.8400000000000001 2.312535423847214 -0.31999999999999995 0.8400000000000001 2.312535423847214
          -0.28 0.8400000000000001 2.312535423847214 -0.24 0.8400000000000001 2.312535423847214
          -0.19999999999999996 0.8400000000000001 2.312535423847214 -0.16000000000000003 0.8400000000000001 2.312535423847214
          -0.12 0.8400000000000001 2.312535423847214 -0.07999999999999996 0.8400000000000001 2.312535423847214
          -0.040000000000000036 0.8400000000000001 2.3006634684464267 0.0 0.8400000000000001 2.2928744785094928
          0.040000000000000036 0.8400000000000001 2.2882067861720423 0.08000000000000007 0.8400000000000001 2.2859347765787863
          0.1200000000000001 0.8400000000000001 2.2825798249550746 0.15999999999999992 0.8400000000000001 2.281811202071709
          0.19999999999999996 0.8400000000000001 2.2814477822552557 0.24 0.8400000000000001 2.280818544534026
          0.28 0.8400000000000001 2.2805756737276854 0.32000000000000006 0.8400000000000001 2.2797315402813405
          0.3600000000000001 0.8400000000000001 2.2796942791976953 0.40000000000000013 0.8400000000000001 2.278958907358401
          0.43999999999999995 0.8400000000000001 2.2787242281847178 0.48 0.8400000000000001 2.2790184733754173
          0.52 0.8400000000000001 2.278410194273769 0.56 0.8400000000000001 2.278126638037236
          0.6000000000000001 0.8400000000000001 2.278131206603356 0.6400000000000001 0.8400000000000001 2.2778078170416323
          0.6799999999999999 0.8400000000000001 2.2777962195061328 0.72 0.8400000000000001 2.277890713575979
          0.76 0.8400000000000001 2.2775302605520653 0.8 0.8400000000000001 2.278024709195391
          0.8400000000000001 0.8400000000000001 2.278212114660256 0.8800000000000001 0.8400000000000001 2.2782819201531024
          0.9199999999999999 0.8400000000000001 2.2785376885307773 0.96 0.8400000000000001 2.278237894980074
          1.0 0.8400000000000001 2.2786153955614767 -1.0 0.8800000000000001 2.312535423847214
          -0.96 0.8800000000000001 2.312535423847214 -0.92 0.8800000000000001 2.312535423847214
          -0.88 0.8800000000000001 2.312535423847214 -0.84 0.8800000000000001 2.312535423847214
          -0.8 0.8800000000000001 2.312535423847214 -0.76 0.8800000000000001 2.312535423847214
          -0.72 0.8800000000000001 2.312535423847214 -0.6799999999999999 0.8800000000000001 2.312535423847214
          -0.64 0.8800000000000001 2.312535423847214 -0.6 0.8800000000000001 2.312535423847214
          -0.56 0.8800000000000001 2.312535423847214 -0.52 0.8800000000000001 2.312535423847214
          -0.48 0.8800000000000001 2.312535423847214 -0.43999999999999995 0.8800000000000001 2.312535423847214
          -0.4 0.8800000000000001 2.312535423847214 -0.36 0.8800000000000001 2.312535423847214
          -0.31999999999999995 0.8800000000000001 2.312535423847214 -0.28 0.8800000000000001 2.312535423847214
          -0.24 0.8800000000000001 2.312535423847214 -0.19999999999999996 0.8800000000000001 2.312535423847214
          -0.16000000000000003 0.8800000000000001 2.312535423847214 -0.12 0.8800000000000001 2.3059259681355355
          -0.07999999999999996 0.8800000000000001 2.29587404623953 -0.040000000000000036 0.8800000000000001 2.2902499261332054
          0.0 0.8800000000000001 2.286409111079496 0.040000000000000036 0.8800000000000001 2.2890088290167387
          0.08000000000000007 0.8800000000000001 2.282856810561182 0.1200000000000001 0.8800000000000001 2.2815179993012524
          0.15999999999999992 0.8800000000000001 2.2808534246988033 0.19999999999999996 0.8800000000000001 2.2802838077131145
          0.24 0.8800000000000001 2.280085856126608 0.28 0.8800000000000001 2.2786190786033047
          0.32000000000000006 0.8800000000000001 2.279478985435604 0.3600000000000001 0.8800000000000001 2.2787285502366137
          0.40000000000000013 0.8800000000000001 2.278460126379988 0.43999999999999995 0.8800000000000001 2.278465108277298
          0.48 0.8800000000000001 2.278372102647501 0.52 0.8800000000000001 2.27823429248325
          0.56 0.8800000000000001 2.277941303339918 0.6000000000000001 0.8800000000000001 2.2781480608964118
          0.6400000000000001 0.8800000000000001 2.277596612326236 0.6799999999999999 0.8800000000000001 2.2775841093623224
          0.72 0.8800000000000001 2.277533693975735 0.76 0.8800000000000001 2.2773550641487823
          0.8 0.8800000000000001 2.278061622529535 0.8400000000000001 0.8800000000000001 2.278129700194358
          0.8800000000000001 0.8800000000000001 2.2781896232767673 0.9199999999999999 0.8800000000000001 2.2782048515031645
          0.96 0.8800000000000001 2.2779352747961523 1.0 0.8800000000000001 2.278600531745361
          -1.0 0.9199999999999999 2.312535423847214 -0.96 0.9199999999999999 2.312535423847214
          -0.92 0.9199999999999999 2.312535423847214 -0.88 0.9199999999999999 2.312535423847214
          -0.84 0.9199999999999999 2.312535423847214 -0.8 0.9199999999999999 2.312535423847214
          -0.76 0.9199999999999999 2.312535423847214 -0.72 0.9199999999999999 2.312535423847214
          -0.6799999999999999 0.9199999999999999 2.312535423847214 -0.64 0.9199999999999999 2.312535423847214
          -0.6 0.9199999999999999 2.312535423847214 -0.56 0.9199999999999999 2.312535423847214
          -0.52 0.9199999999999999 2.312535423847214 -0.48 0.9199999999999999 2.312535423847214
          -0.43999999999999995 0.9199999999999999 2.312535423847214 -0.4 0.9199999999999999 2.312535423847214
          -0.36 0.9199999999999999 2.312535423847214 -0.31999999999999995 0.9199999999999999 2.312535423847214
          -0.28 0.9199999999999999 2.312535423847214 -0.24 0.9199999999999999 2.312535423847214
          -0.19999999999999996 0.9199999999999999 2.312535423847214 -0.16000000000000003 0.9199999999999999 2.2994742394800456
          -0.12 0.9199999999999999 2.293095425428223 -0.07999999999999996 0.9199999999999999 2.2878580702077977
          -0.040000000000000036 0.9199999999999999 2.2850140811475614 0.0 0.9199999999999999 2.283538660893962
          0.040000000000000036 0.9199999999999999 2.2823696605394845 0.08000000000000007 0.9199999999999999 2.2807092296098794
          0.1200000000000001 0.9199999999999999 2.2802334245661364 0.15999999999999992 0.9199999999999999 2.280166319336542
          0.19999999999999996 0.9199999999999999 2.279851800899776 0.24 0.9199999999999999 2.279379140080726
          0.28 0.9199999999999999 2.2789702261454132 0.32000000000000006 0.9199999999999999 2.2790301299244407
          0.3600000000000001 0.9199999999999999 2.2784041905033527 0.40000000000000013 0.9199999999999999 2.278376184591646
          0.43999999999999995 0.9199999999999999 2.278095092086206 0.48 0.9199999999999999 2.2781122915261203
          0.52 0.9199999999999999 2.27824664492469 0.56 0.9199999999999999 2.278223582839301
          0.6000000000000001 0.9199999999999999 2.278029202066268 0.6400000000000001 0.9199999999999999 2.2780526128895833
          0.6799999999999999 0.9199999999999999 2.277819628374995 0.72 0.9199999999999999 2.277856415855829
          0.76 0.9199999999999999 2.2781610591384953 0.8 0.9199999999999999 2.2780448762212404
          0.8400000000000001 0.9199999999999999 2.2780363866135422 0.8800000000000001 0.9199999999999999 2.2776411480106336
          0.9199999999999999 0.9199999999999999 2.278041273234377 0.96 0.9199999999999999 2.2778754882839385
          1.0 0.9199999999999999 2.2781049686471215 -1.0 0.96 2.312535423847214
          -0.96 0.96 2.312535423847214 -0.92 0.96 2.312535423847214
          -0.88 0.96 2.312535423847214 -0.84 0.96 2.312535423847214
          -0.8 0.96 2.312535423847214 -0.76 0.96 2.312535423847214
          -0.72 0.96 2.312535423847214 -0.6799999999999999 0.96 2.312535423847214
          -0.64 0.96 2.312535423847214 -0.6 0.96 2.312535423847214
          -0.56 0.96 2.312535423847214 -0.52 0.96 2.312535423847214
          -0.48 0.96 2.312535423847214 -0.43999999999999995 0.96 2.312535423847214
          -0.4 0.96 2.312535423847214 -0.36 0.96 2.312535423847214
          -0.31999999999999995 0.96 2.312535423847214 -0.28 0.96 2.312535423847214
          -0.24 0.96 2.312535423847214 -0.19999999999999996 0.96 2.296580846412712
          -0.16000000000000003 0.96 2.2919219942985443 -0.12 0.96 2.2868822487707807
          -0.07999999999999996 0.96 2.2843682326514583 -0.040000000000000036 0.96 2.282882197755596
          0.0 0.96 2.2818486157809654 0.040000000000000036 0.96 2.2806826436987304
          0.08000000000000007 0.96 2.280607372800202 0.1200000000000001 0.96 2.280396870751299
          0.15999999999999992 0.96 2.2792308515944906 0.19999999999999996 0.96 2.279289062757431
          0.24 0.96 2.2792673580173477 0.28 0.96 2.278943640682821
          0.32000000000000006 0.96 2.2787152496922887 0.3600000000000001 0.96 2.27830336068351
          0.40000000000000013 0.96 2.27801994846883 0.43999999999999995 0.96 2.2783344359791973
          0.48 0.96 2.278317750587697 0.52 0.96 2.2779336133261863
          0.56 0.96 2.278036922233148 0.6000000000000001 0.96 2.2780897143604353
          0.6400000000000001 0.96 2.2776733289439615 0.6799999999999999 0.96 2.2781449242682936
          0.72 0.96 2.2804587816932496 0.76 0.96 2.2781672597519464
          0.8 0.96 2.2778639085661188 0.8400000000000001 0.96 2.277835180268869
          0.8800000000000001 0.96 2.2777203063826654 0.9199999999999999 0.96 2.277937960104925
          0.96 0.96 2.278074860460316 1.0 0.96 2.2778412580610587
          -1.0 1.0 2.312535423847214 -0.96 1.0 2.312535423847214
          -0.92 1.0 2.312535423847214 -0.88 1.0 2.312535423847214
          -0.84 1.0 2.312535423847214 -0.8 1.0 2.312535423847214
          -0.76 1.0 2.312535423847214 -0.72 1.0 2.312535423847214
          -0.6799999999999999 1.0 2.312535423847214 -0.64 1.0 2.312535423847214
          -0.6 1.0 2.312535423847214 -0.56 1.0 2.312535423847214
          -0.52 1.0 2.312535423847214 -0.48 1.0 2.312535423847214
          -0.43999999999999995 1.0 2.312535423847214 -0.4 1.0 2.312535423847214
          -0.36 1.0 2.312535423847214 -0.31999999999999995 1.0 2.312535423847214
          -0.28 1.0 2.312535423847214 -0.24 1.0 2.303384278528969
          -0.19999999999999996 1.0 2.2922519794829475 -0.16000000000000003 1.0 2.2863233516759958
          -0.12 1.0 2.283514630942667 -0.07999999999999996 1.0 2.2827063373524425
          -0.040000000000000036 1.0 2.281826984073458 0.0 1.0 2.280659504573347
          0.040000000000000036 1.0 2.2804751809735815 0.08000000000000007 1.0 2.2798119417217118
          0.1200000000000001 1.0 2.2796118877080227 0.15999999999999992 1.0 2.2790156342169983
          0.19999999999999996 1.0 2.2790157727718787 0.24 1.0 2.279085639844882
          0.28 1.0 2.2785609316335065 0.32000000000000006 1.0 2.278550277790284
          0.3600000000000001 1.0 2.2781968498330585 0.40000000000000013 1.0 2.278145436379651
          0.43999999999999995 1.0 2.278001541880076 0.48 1.0 2.2779797667554393
          0.52 1.0 2.278248194705974 0.56 1.0 2.2778662381731616
          0.6000000000000001 1.0 2.2777900071260553 0.6400000000000001 1.0 2.278233869051737
          0.6799999999999999 1.0 2.277961304703618 0.72 1.0 2.277982002332888
          0.76 1.0 2.2781269331924303 0.8 1.0 2.2778874640051043
          0.8400000000000001 1.0 2.2777543159262725 0.8800000000000001 1.0 2.2778146466826623
          0.9199999999999999 1.0 2.277718067477892 0.96 1.0 2.2778911016865377
          1.0 1.0 2.2778397221216045 
        </DataArray>
      </Points>
      <Verts>
        <DataArray type="Int64" Name="connectivity" format="ascii" RangeMin="0" RangeMax="2600">
        </DataArray>
        <DataArray type="Int64" Name="offsets" format="ascii" RangeMin="1" RangeMax="2601">
        </DataArray>
      </Verts>
      <Lines>
        <DataArray type="Int64" Name="connectivity" format="ascii" RangeMin="0" RangeMax="2499">
        </DataArray>
        <DataArray type="Int64" Name="offsets" format="ascii" RangeMin="1" RangeMax="2500">
        </DataArray>
      </Lines>
      <Strips>
        <DataArray type="Int64" Name="connectivity" format="ascii" RangeMin="0" RangeMax="2499">
        </DataArray>
        <DataArray type="Int64" Name="offsets" format="ascii" RangeMin="1" RangeMax="2500">
        </DataArray>
      </Strips>
      <Polys>
        <DataArray type="Int64" Name="connectivity" format="ascii" RangeMin="0" RangeMax="2499">
          0 1 52 51 1 2 53 52
          2 3 54 53 3 4 55 54
          4 5 56 55 5 6 57 56
          6 7 58 57 7 8 59 58
          8 9 60 59 9 10 61 60
          10 11 62 61 11 12 63 62
          12 13 64 63 13 14 65 64
          14 15 66 65 15 16 67 66
          16 17 68 67 17 18 69 68
          18 19 70 69 19 20 71 70
          20 21 72 71 21 22 73 72
          22 23 74 73 23 24 75 74
          24 25 76 75 25 26 77 76
          26 27 78 77 27 28 79 78
          28 29 80 79 29 30 81 80
          30 31 82 81 31 32 83 82
          32 33 84 83 33 34 85 84
          34 35 86 85 35 36 87 86
          36 37 88 87 37 38 89 88
          38 39 90 89 39 40 91 90
          40 41 92 91 41 42 93 92
          42 43 94 93 43 44 95 94
          44 45 96 95 45 46 97 96
          46 47 98 97 47 48 99 98
          48 49 100 99 49 50 101 100
          51 52 103 102 52 53 104 103
          53 54 105 104 54 55 106 105
          55 56 107 106 56 57 108 107
          57 58 109 108 58 59 110 109
          59 60 111 110 60 61 112 111
          61 62 113 112 62 63 114 113
          63 64 115 114 64 65 116 115
          65 66 117 116 66 67 118 117
          67 68 119 118 68 69 120 119
          69 70 121 120 70 71 122 121
          71 72 123 122 72 73 124 123
          73 74 125 124 74 75 126 125
          75 76 127 126 76 77 128 127
          77 78 129 128 78 79 130 129
          79 80 131 130 80 81 132 131
          81 82 133 132 82 83 134 133
          83 84 135 134 84 85 136 135
          85 86 137 136 86 87 138 137
          87 88 139 138 88 89 140 139
          89 90 141 140 90 91 142 141
          91 92 143 142 92 93 144 143
          93 94 145 144 94 95 146 145
          95 96 147 146 96 97 148 147
          97 98 149 148 98 99 150 149
          99 100 151 150 100 101 152 151
          102 103 154 153 103 104 155 154
          104 105 156 155 105 106 157 156
          106 107 158 157 107 108 159 158
          108 109 160 159 109 110 161 160
          110 111 162 161 111 112 163 162
          112 113 164 163 113 114 165 164
          114 115 166 165 115 116 167 166
          116 117 168 167 117 118 169 168
          118 119 170 169 119 120 171 170
          120 121 172 171 121 122 173 172
          122 123 174 173 123 124 175 174
          124 125 176 175 125 126 177 176
          126 127 178 177 127 128 179 178
          128 129 180 179 129 130 181 180
          130 131 182 181 131 132 183 182
          132 133 184 183 133 134 185 184
          134 135 186 185 135 136 187 186
          136 137 188 187 137 138 189 188
          138 139 190 189 139 140 191 190
          140 141 192 191 141 142 193 192
          142 143 194 193 143 144 195 194
          144 145 196 195 145 146 197 196
          146 147 198 197 147 148 199 198
          148 149 200 199 149 150 201 200
          150 151 202 201 151 152 203 202
          153 154 205 204 154 155 206 205
          155 156 207 206 156 157 208 207
          157 158 209 208 158 159 210 209
          159 160 211 210 160 161 212 211
          161 162 213 212 162 163 214 213
          163 164 215 214 164 165 216 215
          165 166 217 216 166 167 218 217
          167 168 219 218 168 169 220 219
          169 170 221 220 170 171 222 221
          171 172 223 222 172 173 224 223
          173 174 225 224 174 175 226 225
          175 176 227 226 176 177 228 227
          177 178 229 228 178 179 230 229
          179 180 231 230 180 181 232 231
          181 182 233 232 182 183 234 233
          183 184 235 234 184 185 236 235
          185 186 237 236 186 187 238 237
          187 188 239 238 188 189 240 239
          189 190 241 240 190 191 242 241
          191 192 243 242 192 193 244 243
          193 194 245 244 194 195 246 245
          195 196 247 246 196 197 248 247
          197 198 249 248 198 199 250 249
          199 200 251 250 200 201 252 251
          201 202 253 252 202 203 254 253
          204 205 256 255 205 206 257 256
          206 207 258 257 207 208 259 258
          208 209 260 259 209 210 261 260
          210 211 262 261 211 212 263 262
          212 213 264 263 213 214 265 264
          214 215 266 265 215 216 267 266
          216 217 268 267 217 218 269 268
          218 219 270 269 219 220 271 270
          220 221 272 271 221 222 273 272
          222 223 274 273 223 224 275 274
          224 225 276 275 225 226 277 276
          226 227 278 277 227 228 279 278
          228 229 280 279 229 230 281 280
          230 231 282 281 231 232 283 282
          232 233 284 283 233 234 285 284
          234 235 286 285 235 236 287 286
          236 237 288 287 237 238 289 288
          238 239 290 289 239 240 291 290
          240 241 292 291 241 242 293 292
          242 243 294 293 243 244 295 294
          244 245 296 295 245 246 297 296
          246 247 298 297 247 248 299 298
          248 249 300 299 249 250 301 300
          250 251 302 301 251 252 303 302
          252 253 304 303 253 254 305 304
          255 256 307 306 256 257 308 307
          257 258 309 308 258 259 310 309
          259 260 311 310 260 261 312 311
          261 262 313 312 262 263 314 313
          263 264 315 314 264 265 316 315
          265 266 317 316 266 267 318 317
          267 268 319 318 268 269 320 319
          269 270 321 320 270 271 322 321
          271 272 323 322 272 273 324 323
          273 274 325 324 274 275 326 325
          275 276 327 326 276 277 328 327
          277 278 329 328 278 279 330 329
          279 280 331 330 280 281 332 331
          281 282 333 332 282 283 334 333
          283 284 335 334 284 285 336 335
          285 286 337 336 286 287 338 337
          287 288 339 338 288 289 340 339
          289 290 341 340 290 291 342 341
          291 292 343 342 292 293 344 343
          293 294 345 344 294 295 346 345
          295 296 347 346 296 297 348 347
          297 298 349 348 298 299 350 349
          299 300 351 350 300 301 352 351
          301 302 353 352 302 303 354 353
          303 304 355 354 304 305 356 355
          306 307 358 357 307 308 359 358
          308 309 360 359 309 310 361 360
          310 311 362 361 311 312 363 362
          312 313 364 363 313 314 365 364
          314 315 366 365 315 316 367 366
          316 317 368 367 317 318 369 368
          318 319 370 369 319 320 371 370
          320 321 372 371 321 322 373 372
          322 323 374 373 323 324 375 374
          324 325 376 375 325 326 377 376
          326 327 378 377 327 328 379 378
          328 329 380 379 329 330 381 380
          330 331 382 381 331 332 383 382
          332 333 384 383 333 334 385 384
          334 335 386 385 335 336 387 386
          336 337 388 387 337 338 389 388
          338 339 390 389 339 340 391 390
          340 341 392 391 341 342 393 392
          342 343 394 393 343 344 395 394
          344 345 396 395 345 346 397 396
          346 347 398 397 347 348 399 398
          348 349 400 399 349 350 401 400
          350 351 402 401 351 352 403 402
          352 353 404 403 353 354 405 404
          354 355 406 405 355 356 407 406
          357 358 409 408 358 359 410 409
          359 360 411 410 360 361 412 411
          361 362 413 412 362 363 414 413
          363 364 415 414 364 365 416 415
          365 366 417 416 366 367 418 417
          367 368 419 418 368 369 420 419
          369 370 421 420 370 371 422 421
          371 372 423 422 372 373 424 423
          373 374 425 424 374 375 426 425
          375 376 427 426 376 377 428 427
          377 378 429 428 378 379 430 429
          379 380 431 430 380 381 432 431
          381 382 433 432 382 383 434 433
          383 384 435 434 384 385 436 435
          385 386 437 436 386 387 438 437
          387 388 439 438 388 389 440 439
          389 390 441 440 390 391 442 441
          391 392 443 442 392 393 444 443
          393 394 445 444 394 395 446 445
          395 396 447 446 396 397 448 447
          397 398 449 448 398 399 450 449
          399 400 451 450 400 401 452 451
          401 402 453 452 402 403 454 453
          403 404 455 454 404 405 456 455
          405 406 457 456 406 407 458 457
          408 409 460 459 409 410 461 460
          410 411 462 461 411 412 463 462
          412 413 464 463 413 414 465 464
          414 415 466 465 415 416 467 466
          416 417 468 467 417 418 469 468
          418 419 470 469 419 420 471 470
          420 421 472 471 421 422 473 472
          422 423 474 473 423 424 475 474
          424 425 476 475 425 426 477 476
          426 427 478 477 427 428 479 478
          428 429 480 479 429 430 481 480
          430 431 482 481 431 432 483 482
          432 433 484 483 433 434 485 484
          434 435 486 485 435 436 487 486
          436 437 488 487 437 438 489 488
          438 439 490 489 439 440 491 490
          440 441 492 491 441 442 493 492
          442 443 494 493 443 444 495 494
          444 445 496 495 445 446 497 496
          446 447 498 497 447 448 499 498
          448 449 500 499 449 450 501 500
          450 451 502 501 451 452 503 502
          452 453 504 503 453 454 505 504
          454 455 506 505 455 456 507 506
          456 457 508 507 457 458 509 508
          459 460 511 510 460 461 512 511
          461 462 513 512 462 463 514 513
          463 464 515 514 464 465 516 515
          465 466 517 516 466 467 518 517
          467 468 519 518 468 469 520 519
          469 470 521 520 470 471 522 521
          471 472 523 522 472 473 524 523
          473 474 525 524 474 475 526 525
          475 476 527 526 476 477 528 527
          477 478 529 528 478 479 530 529
          479 480 531 530 480 481 532 531
          481 482 533 532 482 483 534 533
          483 484 535 534 484 485 536 535
          485 486 537 536 486 487 538 537
          487 488 539 538 488 489 540 539
          489 490 541 540 490 491 542 541
          491 492 543 542 492 493 544 543
          493 494 545 544 494 495 546 545
          495 496 547 546 496 497 548 547
          497 498 549 548 498 499 550 549
          499 500 551 550 500 501 552 551
          501 502 553 552 502 503 554 553
          503 504 555 554 504 505 556 555
          505 506 557 556 506 507 558 557
          507 508 559 558 508 509 560 559
          510 511 562 561 511 512 563 562
          512 513 564 563 513 514 565 564
          514 515 566 565 515 516 567 566
          516 517 568 567 517 518 569 568
          518 519 570 569 519 520 571 570
          520 521 572 571 521 522 573 572
          522 523 574 573 523 524 575 574
          524 525 576 575 525 526 577 576
          526 527 578 577 527 528 579 578
          528 529 580 579 529 530 581 580
          530 531 582 581 531 532 583 582
          532 533 584 583 533 534 585 584
          534 535 586 585 535 536 587 586
          536 537 588 587 537 538 589 588
          538 539 590 589 539 540 591 590
          540 541 592 591 541 542 593 592
          542 543 594 593 543 544 595 594
          544 545 596 595 545 546 597 596
          546 547 598 597 547 548 599 598
          548 549 600 599 549 550 601 600
          550 551 602 601 551 552 603 602
          552 553 604 603 553 554 605 604
          554 555 606 605 555 556 607 606
          556 557 608 607 557 558 609 608
          558 559 610 609 559 560 611 610
          561 562 613 612 562 563 614 613
          563 564 615 614 564 565 616 615
          565 566 617 616 566 567 618 617
          567 568 619 618 568 569 620 619
          569 570 621 620 570 571 622 621
          571 572 623 622 572 573 624 623
          573 574 625 624 574 575 626 625
          575 576 627 626 576 577 628 627
          577 578 629 628 578 579 630 629
          579 580 631 630 580 581 632 631
          581 582 633 632 582 583 634 633
          583 584 635 634 584 585 636 635
          585 586 637 636 586 587 638 637
          587 588 639 638 588 589 640 639
          589 590 641 640 590 591 642 641
          591 592 643 642 592 593 644 643
          593 594 645 644 594 595 646 645
          595 596 647 646 596 597 648 647
          597 598 649 648 598 599 650 649
          599 600 651 650 600 601 652 651
          601 602 653 652 602 603 654 653
          603 604 655 654 604 605 656 655
          605 606 657 656 606 607 658 657
          607 608 659 658 608 609 660 659
          609 610 661 660 610 611 662 661
          612 613 664 663 613 614 665 664
          614 615 666 665 615 616 667 666
          616 617 668 667 617 618 669 668
          618 619 670 669 619 620 671 670
          620 621 672 671 621 622 673 672
          622 623 674 673 623 624 675 674
          624 625 676 675 625 626 677 676
          626 627 678 677 627 628 679 678
          628 629 680 679 629 630 681 680
          630 631 682 681 631 632 683 682
          632 633 684 683 633 634 685 684
          634 635 686 685 635 636 687 686
          636 637 688 687 637 638 689 688
          638 639 690 689 639 640 691 690
          640 641 692 691 641 642 693 692
          642 643 694 693 643 644 695 694
          644 645 696 695 645 646 697 696
          646 647 698 697 647 648 699 698
          648 649 700 699 649 650 701 700
          650 651 702 701 651 652 703 702
          652 653 704 703 653 654 705 704
          654 655 706 705 655 656 707 706
          656 657 708 707 657 658 709 708
          658 659 710 709 659 660 711 710
          660 661 712 711 661 662 713 712
          663 664 715 714 664 665 716 715
          665 666 717 716 666 667 718 717
          667 668 719 718 668 669 720 719
          669 670 721 720 670 671 722 721
          671 672 723 722 672 673 724 723
          673 674 725 724 674 675 726 725
          675 676 727 726 676 677 728 727
          677 678 729 728 678 679 730 729
          679 680 731 730 680 681 732 731
          681 682 733 732 682 683 734 733
          683 684 735 734 684 685 736 735
          685 686 737 736 686 687 738 737
          687 688 739 738 688 689 740 739
          689 690 741 740 690 691 742 741
          691 692 743 742 692 693 744 743
          693 694 745 744 694 695 746 745
          695 696 747 746 696 697 748 747
          697 698 749 748 698 699 750 749
          699 700 751 750 700 701 752 751
          701 702 753 752 702 703 754 753
          703 704 755 754 704 705 756 755
          705 706 757 756 706 707 758 757
          707 708 759 758 708 709 760 759
          709 710 761 760 710 711 762 761
          711 712 763 762 712 713 764 763
          714 715 766 765 715 716 767 766
          716 717 768 767 717 718 769 768
          718 719 770 769 719 720 771 770
          720 721 772 771 721 722 773 772
          722 723 774 773 723 724 775 774
          724 725 776 775 725 726 777 776
          726 727 778 777 727 728 779 778
          728 729 780 779 729 730 781 780
          730 731 782 781 731 732 783 782
          732 733 784 783 733 734 785 784
          734 735 786 785 735 736 787 786
          736 737 788 787 737 738 789 788
          738 739 790 789 739 740 791 790
          740 741 792 791 741 742 793 792
          742 743 794 793 743 744 795 794
          744 745 796 795 745 746 797 796
          746 747 798 797 747 748 799 798
          748 749 800 799 749 750 801 800
          750 751 802 801 751 752 803 802
          752 753 804 803 753 754 805 804
          754 755 806 805 755 756 807 806
          756 757 808 807 757 758 809 808
          758 759 810 809 759 760 811 810
          760 761 812 811 761 762 813 812
          762 763 814 813 763 764 815 814
          765 766 817 816 766 767 818 817
          767 768 819 818 768 769 820 819
          769 770 821 820 770 771 822 821
          771 772 823 822 772 773 824 823
          773 774 825 824 774 775 826 825
          775 776 827 826 776 777 828 827
          777 778 829 828 778 779 830 829
          779 780 831 830 780 781 832 831
          781 782 833 832 782 783 834 833
          783 784 835 834 784 785 836 835
          785 786 837 836 786 787 838 837
          787 788 839 838 788 789 840 839
          789 790 841 840 790 791 842 841
          791 792 843 842 792 793 844 843
          793 794 845 844 794 795 846 845
          795 796 847 846 796 797 848 847
          797 798 849 848 798 799 850 849
          799 800 851 850 800 801 852 851
          801 802 853 852 802 803 854 853
          803 804 855 854 804 805 856 855
          805 806 857 856 806 807 858 857
          807 808 859 858 808 809 860 859
          809 810 861 860 810 811 862 861
          811 812 863 862 812 813 864 863
          813 814 865 864 814 815 866 865
          816 817 868 867 817 818 869 868
          818 819 870 869 819 820 871 870
          820 821 872 871 821 822 873 872
          822 823 874 873 823 824 875 874
          824 825 876 875 825 826 877 876
          826 827 878 877 827 828 879 878
          828 829 880 879 829 830 881 880
          830 831 882 881 831 832 883 882
          832 833 884 883 833 834 885 884
          834 835 886 885 835 836 887 886
          836 837 888 887 837 838 889 888
          838 839 890 889 839 840 891 890
          840 841 892 891 841 842 893 892
          842 843 894 893 843 844 895 894
          844 845 896 895 845 846 897 896
          846 847 898 897 847 848 899 898
          848 849 900 899 849 850 901 900
          850 851 902 901 851 852 903 902
          852 853 904 903 853 854 905 904
          854 855 906 905 855 856 907 906
          856 857 908 907 857 858 909 908
          858 859 910 909 859 860 911 910
          860 861 912 911 861 862 913 912
          862 863 914 913 863 864 915 914
          864 865 916 915 865 866 917 916
          867 868 919 918 868 869 920 919
          869 870 921 920 870 871 922 921
          871 872 923 922 872 873 924 923
          873 874 925 924 874 875 926 925
          875 876 927 926 876 877 928 927
          877 878 929 928 878 879 930 929
          879 880 931 930 880 881 932 931
          881 882 933 932 882 883 934 933
          883 884 935 934 884 885 936 935
          885 886 937 936 886 887 938 937
          887 888 939 938 888 889 940 939
          889 890 941 940 890 891 942 941
          891 892 943 942 892 893 944 943
          893 894 945 944 894 895 946 945
          895 896 947 946 896 897 948 947
          897 898 949 948 898 899 950 949
          899 900 951 950 900 901 952 951
          901 902 953 952 902 903 954 953
          903 904 955 954 904 905 956 955
          905 906 957 956 906 907 958 957
          907 908 959 958 908 909 960 959
          909 910 961 960 910 911 962 961
          911 912 963 962 912 913 964 963
          913 914 965 964 914 915 966 965
          915 916 967 966 916 917 968 967
          918 919 970 969 919 920 971 970
          920 921 972 971 921 922 973 972
          922 923 974 973 923 924 975 974
          924 925 976 975 925 926 977 976
          926 927 978 977 927 928 979 978
          928 929 980 979 929 930 981 980
          930 931 982 981 931 932 983 982
          932 933 984 983 933 934 985 984
          934 935 986 985 935 936 987 986
          936 937 988 987 937 938 989 988
          938 939 990 989 939 940 991 990
          940 941 992 991 941 942 993 992
          942 943 994 993 943 944 995 994
          944 945 996 995 945 946 997 996
          946 947 998 997 947 948 999 998
          948 949 1000 999 949 950 1001 1000
          950 951 1002 1001 951 952 1003 1002
          952 953 1004 1003 953 954 1005 1004
          954 955 1006 1005 955 956 1007 1006
          956 957 1008 1007 957 958 1009 1008
          958 959 1010 1009 959 960 1011 1010
          960 961 1012 1011 961 962 1013 1012
          962 963 1014 1013 963 964 1015 1014
          964 965 1016 1015 965 966 1017 1016
          966 967 1018 1017 967 968 1019 1018
          969 970 1021 1020 970 971 1022 1021
          971 972 1023 1022 972 973 1024 1023
          973 974 1025 1024 974 975 1026 1025
          975 976 1027 1026 976 977 1028 1027
          977 978 1029 1028 978 979 1030 1029
          979 980 1031 1030 980 981 1032 1031
          981 982 1033 1032 982 983 1034 1033
          983 984 1035 1034 984 985 1036 1035
          985 986 1037 1036 986 987 1038 1037
          987 988 1039 1038 988 989 1040 1039
          989 990 1041 1040 990 991 1042 1041
          991 992 1043 1042 992 993 1044 1043
          993 994 1045 1044 994 995 1046 1045
          995 996 1047 1046 996 997 1048 1047
          997 998 1049 1048 998 999 1050 1049
          999 1000 1051 1050 1000 1001 1052 1051
          1001 1002 1053 1052 1002 1003 1054 1053
          1003 1004 1055 1054 1004 1005 1056 1055
          1005 1006 1057 1056 1006 1007 1058 1057
          1007 1008 1059 1058 1008 1009 1060 1059
          1009 1010 1061 1060 1010 1011 1062 1061
          1011 1012 1063 1062 1012 1013 1064 1063
          1013 1014 1065 1064 1014 1015 1066 1065
          1015 1016 1067 1066 1016 1017 1068 1067
          1017 1018 1069 1068 1018 1019 1070 1069
          1020 1021 1072 1071 1021 1022 1073 1072
          1022 1023 1074 1073 1023 1024 1075 1074
          1024 1025 1076 1075 1025 1026 1077 1076
          1026 1027 1078 1077 1027 1028 1079 1078
          1028 1029 1080 1079 1029 1030 1081 1080
          1030 1031 1082 1081 1031 1032 1083 1082
          1032 1033 1084 1083 1033 1034 1085 1084
          1034 1035 1086 1085 1035 1036 1087 1086
          1036 1037 1088 1087 1037 1038 1089 1088
          1038 1039 1090 1089 1039 1040 1091 1090
          1040 1041 1092 1091 1041 1042 1093 1092
          1042 1043 1094 1093 1043 1044 1095 1094
          1044 1045 1096 1095 1045 1046 1097 1096
          1046 1047 1098 1097 1047 1048 1099 1098
          1048 1049 1100 1099 1049 1050 1101 1100
          1050 1051 1102 1101 1051 1052 1103 1102
          1052 1053 1104 1103 1053 1054 1105 1104
          1054 1055 1106 1105 1055 1056 1107 1106
          1056 1057 1108 1107 1057 1058 1109 1108
          1058 1059 1110 1109 1059 1060 1111 1110
          1060 1061 1112 1111 1061 1062 1113 1112
          1062 1063 1114 1113 1063 1064 1115 1114
          1064 1065 1116 1115 1065 1066 1117 1116
          1066 1067 1118 1117 1067 1068 1119 1118
          1068 1069 1120 1119 1069 1070 1121 1120
          1071 1072 1123 1122 1072 1073 1124 1123
          1073 1074 1125 1124 1074 1075 1126 1125
          1075 1076 1127 1126 1076 1077 1128 1127
          1077 1078 1129 1128 1078 1079 1130 1129
          1079 1080 1131 1130 1080 1081 1132 1131
          1081 1082 1133 1132 1082 1083 1134 1133
          1083 1084 1135 1134 1084 1085 1136 1135
          1085 1086 1137 1136 1086 1087 1138 1137
          1087 1088 1139 1138 1088 1089 1140 1139
          1089 1090 1141 1140 1090 1091 1142 1141
          1091 1092 1143 1142 1092 1093 1144 1143
          1093 1094 1145 1144 1094 1095 1146 1145
          1095 1096 1147 1146 1096 1097 1148 1147
          1097 1098 1149 1148 1098 1099 1150 1149
          1099 1100 1151 1150 1100 1101 1152 1151
          1101 1102 1153 1152 1102 1103 1154 1153
          1103 1104 1155 1154 1104 1105 1156 1155
          1105 1106 1157 1156 1106 1107 1158 1157
          1107 1108 1159 1158 1108 1109 1160 1159
          1109 1110 1161 1160 1110 1111 1162 1161
          1111 1112 1163 1162 1112 1113 1164 1163
          1113 1114 1165 1164 1114 1115 1166 1165
          1115 1116 1167 1166 1116 1117 1168 1167
          1117 1118 1169 1168 1118 1119 1170 1169
          1119 1120 1171 1170 1120 1121 1172 1171
          1122 1123 1174 1173 1123 1124 1175 1174
          1124 1125 1176 1175 1125 1126 1177 1176
          1126 1127 1178 1177 1127 1128 1179 1178
          1128 1129 1180 1179 1129 1130 1181 1180
          1130 1131 1182 1181 1131 1132 1183 1182
          1132 1133 1184 1183 1133 1134 1185 1184
          1134 1135 1186 1185 1135 1136 1187 1186
          1136 1137 1188 1187 1137 1138 1189 1188
          1138 1139 1190 1189 1139 1140 1191 1190
          1140 1141 1192 1191 1141 1142 1193 1192
          1142 1143 1194 1193 1143 1144 1195 1194
          1144 1145 1196 1195 1145 1146 1197 1196
          1146 1147 1198 1197 1147 1148 1199 1198
          1148 1149 1200 1199 1149 1150 1201 1200
          1150 1151 1202 1201 1151 1152 1203 1202
          1152 1153 1204 1203 1153 1154 1205 1204
          1154 1155 1206 1205 1155 1156 1207 1206
          1156 1157 1208 1207 1157 1158 1209 1208
          1158 1159 1210 1209 1159 1160 1211 1210
          1160 1161 1212 1211 1161 1162 1213 1212
          1162 1163 1214 1213 1163 1164 1215 1214
          1164 1165 1216 1215 1165 1166 1217 1216
          1166 1167 1218 1217 1167 1168 1219 1218
          1168 1169 1220 1219 1169 1170 1221 1220
          1170 1171 1222 1221 1171 1172 1223 1222
          1173 1174 1225 1224 1174 1175 1226 1225
          1175 1176 1227 1226 1176 1177 1228 1227
          1177 1178 1229 1228 1178 1179 1230 1229
          1179 1180 1231 1230 1180 1181 1232 1231
          1181 1182 1233 1232 1182 1183 1234 1233
          1183 1184 1235 1234 1184 1185 1236 1235
          1185 1186 1237 1236 1186 1187 1238 1237
          1187 1188 1239 1238 1188 1189 1240 1239
          1189 1190 1241 1240 1190 1191 1242 1241
          1191 1192 1243 1242 1192 1193 1244 1243
          1193 1194 1245 1244 1194 1195 1246 1245
          1195 1196 1247 1246 1196 1197 1248 1247
          1197 1198 1249 1248 1198 1199 1250 1249
          1199 1200 1251 1250 1200 1201 1252 1251
          1201 1202 1253 1252 1202 1203 1254 1253
          1203 1204 1255 1254 1204 1205 1256 1255
          1205 1206 1257 1256 1206 1207 1258 1257
          1207 1208 1259 1258 1208 1209 1260 1259
          1209 1210 1261 1260 1210 1211 1262 1261
          1211 1212 1263 1262 1212 1213 1264 1263
          1213 1214 1265 1264 1214 1215 1266 1265
          1215 1216 1267 1266 1216 1217 1268 1267
          1217 1218 1269 1268 1218 1219 1270 1269
          1219 1220 1271 1270 1220 1221 1272 1271
          1221 1222 1273 1272 1222 1223 1274 1273
          1224 1225 1276 1275 1225 1226 1277 1276
          1226 1227 1278 1277 1227 1228 1279 1278
          1228 1229 1280 1279 1229 1230 1281 1280
          1230 1231 1282 1281 1231 1232 1283 1282
          1232 1233 1284 1283 1233 1234 1285 1284
          1234 1235 1286 1285 1235 1236 1287 1286
          1236 1237 1288 1287 1237 1238 1289 1288
          1238 1239 1290 1289 1239 1240 1291 1290
          1240 1241 1292 1291 1241 1242 1293 1292
          1242 1243 1294 1293 1243 1244 1295 1294
          1244 1245 1296 1295 1245 1246 1297 1296
          1246 1247 1298 1297 1247 1248 1299 1298
          1248 1249 1300 1299 1249 1250 1301 1300
          1250 1251 1302 1301 1251 1252 1303 1302
          1252 1253 1304 1303 1253 1254 1305 1304
          1254 1255 1306 1305 1255 1256 1307 1306
          1256 1257 1308 1307 1257 1258 1309 1308
          1258 1259 1310 1309 1259 1260 1311 1310
          1260 1261 1312 1311 1261 1262 1313 1312
          1262 1263 1314 1313 1263 1264 1315 1314
          1264 1265 1316 1315 1265 1266 1317 1316
          1266 1267 1318 1317 1267 1268 1319 1318
          1268 1269 1320 1319 1269 1270 1321 1320
          1270 1271 1322 1321 1271 1272 1323 1322
          1272 1273 1324 1323 1273 1274 1325 1324
          1275 1276 1327 1326 1276 1277 1328 1327
          1277 1278 1329 1328 1278 1279 1330 1329
          1279 1280 1331 1330 1280 1281 1332 1331
          1281 1282 1333 1332 1282 1283 1334 1333
          1283 1284 1335 1334 1284 1285 1336 1335
          1285 1286 1337 1336 1286 1287 1338 1337
          1287 1288 1339 1338 1288 1289 1340 1339
          1289 1290 1341 1340 1290 1291 1342 1341
          1291 1292 1343 1342 1292 1293 1344 1343
          1293 1294 1345 1344 1294 1295 1346 1345
          1295 1296 1347 1346 1296 1297 1348 1347
          1297 1298 1349 1348 1298 1299 1350 1349
          1299 1300 1351 1350 1300 1301 1352 1351
          1301 1302 1353 1352 1302 1303 1354 1353
          1303 1304 1355 1354 1304 1305 1356 1355
          1305 1306 1357 1356 1306 1307 1358 1357
          1307 1308 1359 1358 1308 1309 1360 1359
          1309 1310 1361 1360 1310 1311 1362 1361
          1311 1312 1363 1362 1312 1313 1364 1363
          1313 1314 1365 1364 1314 1315 1366 1365
          1315 1316 1367 1366 1316 1317 1368 1367
          1317 1318 1369 1368 1318 1319 1370 1369
          1319 1320 1371 1370 1320 1321 1372 1371
          1321 1322 1373 1372 1322 1323 1374 1373
          1323 1324 1375 1374 1324 1325 1376 1375
          1326 1327 1378 1377 1327 1328 1379 1378
          1328 1329 1380 1379 1329 1330 1381 1380
          1330 1331 1382 1381 1331 1332 1383 1382
          1332 1333 1384 1383 1333 1334 1385 1384
          1334 1335 1386 1385 1335 1336 1387 1386
          1336 1337 1388 1387 1337 1338 1389 1388
          1338 1339 1390 1389 1339 1340 1391 1390
          1340 1341 1392 1391 1341 1342 1393 1392
          1342 1343 1394 1393 1343 1344 1395 1394
          1344 1345 1396 1395 1345 1346 1397 1396
          1346 1347 1398 1397 1347 1348 1399 1398
          1348 1349 1400 1399 1349 1350 1401 1400
          1350 1351 1402 1401 1351 1352 1403 1402
          1352 1353 1404 1403 1353 1354 1405 1404
          1354 1355 1406 1405 1355 1356 1407 1406
          1356 1357 1408 1407 1357 1358 1409 1408
          1358 1359 1410 1409 1359 1360 1411 1410
          1360 1361 1412 1411 1361 1362 1413 1412
          1362 1363 1414 1413 1363 1364 1415 1414
          1364 1365 1416 1415 1365 1366 1417 1416
          1366 1367 1418 1417 1367 1368 1419 1418
          1368 1369 1420 1419 1369 1370 1421 1420
          1370 1371 1422 1421 1371 1372 1423 1422
          1372 1373 1424 1423 1373 1374 1425 1424
          1374 1375 1426 1425 1375 1376 1427 1426
          1377 1378 1429 1428 1378 1379 1430 1429
          1379 1380 1431 1430 1380 1381 1432 1431
          1381 1382 1433 1432 1382 1383 1434 1433
          1383 1384 1435 1434 1384 1385 1436 1435
          1385 1386 1437 1436 1386 1387 1438 1437
          1387 1388 1439 1438 1388 1389 1440 1439
          1389 1390 1441 1440 1390 1391 1442 1441
          1391 1392 1443 1442 1392 1393 1444 1443
          1393 1394 1445 1444 1394 1395 1446 1445
          1395 1396 1447 1446 1396 1397 1448 1447
          1397 1398 1449 1448 1398 1399 1450 1449
          1399 1400 1451 1450 1400 1401 1452 1451
          1401 1402 1453 1452 1402 1403 1454 1453
          1403 1404 1455 1454 1404 1405 1456 1455
          1405 1406 1457 1456 1406 1407 1458 1457
          1407 1408 1459 1458 1408 1409 1460 1459
          1409 1410 1461 1460 1410 1411 1462 1461
          1411 1412 1463 1462 1412 1413 1464 1463
          1413 1414 1465 1464 1414 1415 1466 1465
          1415 1416 1467 1466 1416 1417 1468 1467
          1417 1418 1469 1468 1418 1419 1470 1469
          1419 1420 1471 1470 1420 1421 1472 1471
          1421 1422 1473 1472 1422 1423 1474 1473
          1423 1424 1475 1474 1424 1425 1476 1475
          1425 1426 1477 1476 1426 1427 1478 1477
          1428 1429 1480 1479 1429 1430 1481 1480
          1430 1431 1482 1481 1431 1432 1483 1482
          1432 1433 1484 1483 1433 1434 1485 1484
          1434 1435 1486 1485 1435 1436 1487 1486
          1436 1437 1488 1487 1437 1438 1489 1488
          1438 1439 1490 1489 1439 1440 1491 1490
          1440 1441 1492 1491 1441 1442 1493 1492
          1442 1443 1494 1493 1443 1444 1495 1494
          1444 1445 1496 1495 1445 1446 1497 1496
          1446 1447 1498 1497 1447 1448 1499 1498
          1448 1449 1500 1499 1449 1450 1501 1500
          1450 1451 1502 1501 1451 1452 1503 1502
          1452 1453 1504 1503 1453 1454 1505 1504
          1454 1455 1506 1505 1455 1456 1507 1506
          1456 1457 1508 1507 1457 1458 1509 1508
          1458 1459 1510 1509 1459 1460 1511 1510
          1460 1461 1512 1511 1461 1462 1513 1512
          1462 1463 1514 1513 1463 1464 1515 1514
          1464 1465 1516 1515 1465 1466 1517 1516
          1466 1467 1518 1517 1467 1468 1519 1518
          1468 1469 1520 1519 1469 1470 1521 1520
          1470 1471 1522 1521 1471 1472 1523 1522
          1472 1473 1524 1523 1473 1474 1525 1524
          1474 1475 1526 1525 1475 1476 1527 1526
          1476 1477 1528 1527 1477 1478 1529 1528
          1479 1480 1531 1530 1480 1481 1532 1531
          1481 1482 1533 1532 1482 1483 1534 1533
          1483 1484 1535 1534 1484 1485 1536 1535
          1485 1486 1537 1536 1486 1487 1538 1537
          1487 1488 1539 1538 1488 1489 1540 1539
          1489 1490 1541 1540 1490 1491 1542 1541
          1491 1492 1543 1542 1492 1493 1544 1543
          1493 1494 1545 1544 1494 1495 1546 1545
          1495 1496 1547 1546 1496 1497 1548 1547
          1497 1498 1549 1548 1498 1499 1550 1549
          1499 1500 1551 1550 1500 1501 1552 1551
          1501 1502 1553 1552 1502 1503 1554 1553
          1503 1504 1555 1554 1504 1505 1556 1555
          1505 1506 1557 1556 1506 1507 1558 1557
          1507 1508 1559 1558 1508 1509 1560 1559
          1509 1510 1561 1560 1510 1511 1562 1561
          1511 1512 1563 1562 1512 1513 1564 1563
          1513 1514 1565 1564 1514 1515 1566 1565
          1515 1516 1567 1566 1516 1517 1568 1567
          1517 1518 1569 1568 1518 1519 1570 1569
          1519 1520 1571 1570 1520 1521 1572 1571
          1521 1522 1573 1572 1522 1523 1574 1573
          1523 1524 1575 1574 1524 1525 1576 1575
          1525 1526 1577 1576 1526 1527 1578 1577
          1527 1528 1579 1578 1528 1529 1580 1579
          1530 1531 1582 1581 1531 1532 1583 1582
          1532 1533 1584 1583 1533 1534 1585 1584
          1534 1535 1586 1585 1535 1536 1587 1586
          1536 1537 1588 1587 1537 1538 1589 1588
          1538 1539 1590 1589 1539 1540 1591 1590
          1540 1541 1592 1591 1541 1542 1593 1592
          1542 1543 1594 1593 1543 1544 1595 1594
          1544 1545 1596 1595 1545 1546 1597 1596
          1546 1547 1598 1597 1547 1548 1599 1598
          1548 1549 1600 1599 1549 1550 1601 1600
          1550 1551 1602 1601 1551 1552 1603 1602
          1552 1553 1604 1603 1553 1554 1605 1604
          1554 1555 1606 1605 1555 1556 1607 1606
          1556 1557 1608 1607 1557 1558 1609 1608
          1558 1559 1610 1609 1559 1560 1611 1610
          1560 1561 1612 1611 1561 1562 1613 1612
          1562 1563 1614 1613 1563 1564 1615 1614
          1564 1565 1616 1615 1565 1566 1617 1616
          1566 1567 1618 1617 1567 1568 1619 1618
          1568 1569 1620 1619 1569 1570 1621 1620
          1570 1571 1622 1621 1571 1572 1623 1622
          1572 1573 1624 1623 1573 1574 1625 1624
          1574 1575 1626 1625 1575 1576 1627 1626
          1576 1577 1628 1627 1577 1578 1629 1628
          1578 1579 1630 1629 1579 1580 1631 1630
          1581 1582 1633 1632 1582 1583 1634 1633
          1583 1584 1635 1634 1584 1585 1636 1635
          1585 1586 1637 1636 1586 1587 1638 1637
          1587 1588 1639 1638 1588 1589 1640 1639
          1589 1590 1641 1640 1590 1591 1642 1641
          1591 1592 1643 1642 1592 1593 1644 1643
          1593 1594 1645 1644 1594 1595 1646 1645
          1595 1596 1647 1646 1596 1597 1648 1647
          1597 1598 1649 1648 1598 1599 1650 1649
          1599 1600 1651 1650 1600 1601 1652 1651
          1601 1602 1653 1652 1602 1603 1654 1653
          1603 1604 1655 1654 1604 1605 1656 1655
          1605 1606 1657 1656 1606 1607 1658 1657
          1607 1608 1659 1658 1608 1609 1660 1659
          1609 1610 1661 1660 1610 1611 1662 1661
          1611 1612 1663 1662 1612 1613 1664 1663
          1613 1614 1665 1664 1614 1615 1666 1665
          1615 1616 1667 1666 1616 1617 1668 1667
          1617 1618 1669 1668 1618 1619 1670 1669
          1619 1620 1671 1670 1620 1621 1672 1671
          1621 1622 1673 1672 1622 1623 1674 1673
          1623 1624 1675 1674 1624 1625 1676 1675
          1625 1626 1677 1676 1626 1627 1678 1677
          1627 1628 1679 1678 1628 1629 1680 1679
          1629 1630 1681 1680 1630 1631 1682 1681
          1632 1633 1684 1683 1633 1634 1685 1684
          1634 1635 1686 1685 1635 1636 1687 1686
          1636 1637 1688 1687 1637 1638 1689 1688
          1638 1639 1690 1689 1639 1640 1691 1690
          1640 1641 1692 1691 1641 1642 1693 1692
          1642 1643 1694 1693 1643 1644 1695 1694
          1644 1645 1696 1695 1645 1646 1697 1696
          1646 1647 1698 1697 1647 1648 1699 1698
          1648 1649 1700 1699 1649 1650 1701 1700
          1650 1651 1702 1701 1651 1652 1703 1702
          1652 1653 1704 1703 1653 1654 1705 1704
          1654 1655 1706 1705 1655 1656 1707 1706
          1656 1657 1708 1707 1657 1658 1709 1708
          1658 1659 1710 1709 1659 1660 1711 1710
          1660 1661 1712 1711 1661 1662 1713 1712
          1662 1663 1714 1713 1663 1664 1715 1714
          1664 1665 1716 1715 1665 1666 1717 1716
          1666 1667 1718 1717 1667 1668 1719 1718
          1668 1669 1720 1719 1669 1670 1721 1720
          1670 1671 1722 1721 1671 1672 1723 1722
          1672 1673 1724 1723 1673 1674 1725 1724
          1674 1675 1726 1725 1675 1676 1727 1726
          1676 1677 1728 1727 1677 1678 1729 1728
          1678 1679 1730 1729 1679 1680 1731 1730
          1680 1681 1732 1731 1681 1682 1733 1732
          1683 1684 1735 1734 1684 1685 1736 1735
          1685 1686 1737 1736 1686 1687 1738 1737
          1687 1688 1739 1738 1688 1689 1740 1739
          1689 1690 1741 1740 1690 1691 1742 1741
          1691 1692 1743 1742 1692 1693 1744 1743
          1693 1694 1745 1744 1694 1695 1746 1745
          1695 1696 1747 1746 1696 1697 1748 1747
          1697 1698 1749 1748 1698 1699 1750 1749
          1699 1700 1751 1750 1700 1701 1752 1751
          1701 1702 1753 1752 1702 1703 1754 1753
          1703 1704 1755 1754 1704 1705 1756 1755
          1705 1706 1757 1756 1706 1707 1758 1757
          1707 1708 1759 1758 1708 1709 1760 1759
          1709 1710 1761 1760 1710 1711 1762 1761
          1711 1712 1763 1762 1712 1713 1764 1763
          1713 1714 1765 1764 1714 1715 1766 1765
          1715 1716 1767 1766 1716 1717 1768 1767
          1717 1718 1769 1768 1718 1719 1770 1769
          1719 1720 1771 1770 1720 1721 1772 1771
          1721 1722 1773 1772 1722 1723 1774 1773
          1723 1724 1775 1774 1724 1725 1776 1775
          1725 1726 1777 1776 1726 1727 1778 1777
          1727 1728 1779 1778 1728 1729 1780 1779
          1729 1730 1781 1780 1730 1731 1782 1781
          1731 1732 1783 1782 1732 1733 1784 1783
          1734 1735 1786 1785 1735 1736 1787 1786
          1736 1737 1788 1787 1737 1738 1789 1788
          1738 1739 1790 1789 1739 1740 1791 1790
          1740 1741 1792 1791 1741 1742 1793 1792
          1742 1743 1794 1793 1743 1744 1795 1794
          1744 1745 1796 1795 1745 1746 1797 1796
          1746 1747 1798 1797 1747 1748 1799 1798
          1748 1749 1800 1799 1749 1750 1801 1800
          1750 1751 1802 1801 1751 1752 1803 1802
          1752 1753 1804 1803 1753 1754 1805 1804
          1754 1755 1806 1805 1755 1756 1807 1806
          1756 1757 1808 1807 1757 1758 1809 1808
          1758 1759 1810 1809 1759 1760 1811 1810
          1760 1761 1812 1811 1761 1762 1813 1812
          1762 1763 1814 1813 1763 1764 1815 1814
          1764 1765 1816 1815 1765 1766 1817 1816
          1766 1767 1818 1817 1767 1768 1819 1818
          1768 1769 1820 1819 1769 1770 1821 1820
          1770 1771 1822 1821 1771 1772 1823 1822
          1772 1773 1824 1823 1773 1774 1825 1824
          1774 1775 1826 1825 1775 1776 1827 1826
          1776 1777 1828 1827 1777 1778 1829 1828
          1778 1779 1830 1829 1779 1780 1831 1830
          1780 1781 1832 1831 1781 1782 1833 1832
          1782 1783 1834 1833 1783 1784 1835 1834
          1785 1786 1837 1836 1786 1787 1838 1837
          1787 1788 1839 1838 1788 1789 1840 1839
          1789 1790 1841 1840 1790 1791 1842 1841
          1791 1792 1843 1842 1792 1793 1844 1843
          1793 1794 1845 1844 1794 1795 1846 1845
          1795 1796 1847 1846 1796 1797 1848 1847
          1797 1798 1849 1848 1798 1799 1850 1849
          1799 1800 1851 1850 1800 1801 1852 1851
          1801 1802 1853 1852 1802 1803 1854 1853
          1803 1804 1855 1854 1804 1805 1856 1855
          1805 1806 1857 1856 1806 1807 1858 1857
          1807 1808 1859 1858 1808 1809 1860 1859
          1809 1810 1861 1860 1810 1811 1862 1861
          1811 1812 1863 1862 1812 1813 1864 1863
          1813 1814 1865 1864 1814 1815 1866 1865
          1815 1816 1867 1866 1816 1817 1868 1867
          1817 1818 1869 1868 1818 1819 1870 1869
          1819 1820 1871 1870 1820 1821 1872 1871
          1821 1822 1873 1872 1822 1823 1874 1873
          1823 1824 1875 1874 1824 1825 1876 1875
          1825 1826 1877 1876 1826 1827 1878 1877
          1827 1828 1879 1878 1828 1829 1880 1879
          1829 1830 1881 1880 1830 1831 1882 1881
          1831 1832 1883 1882 1832 1833 1884 1883
          1833 1834 1885 1884 1834 1835 1886 1885
          1836 1837 1888 1887 1837 1838 1889 1888
          1838 1839 1890 1889 1839 1840 1891 1890
          1840 1841 1892 1891 1841 1842 1893 1892
          1842 1843 1894 1893 1843 1844 1895 1894
          1844 1845 1896 1895 1845 1846 1897 1896
          1846 1847 1898 1897 1847 1848 1899 1898
          1848 1849 1900 1899 1849 1850 1901 1900
          1850 1851 1902 1901 1851 1852 1903 1902
          1852 1853 1904 1903 1853 1854 1905 1904
          1854 1855 1906 1905 1855 1856 1907 1906
          1856 1857 1908 1907 1857 1858 1909 1908
          1858 1859 1910 1909 1859 1860 1911 1910
          1860 1861 1912 1911 1861 1862 1913 1912
          1862 1863 1914 1913 1863 1864 1915 1914
          1864 1865 1916 1915 1865 1866 1917 1916
          1866 1867 1918 1917 1867 1868 1919 1918
          1868 1869 1920 1919 1869 1870 1921 1920
          1870 1871 1922 1921 1871 1872 1923 1922
          1872 1873 1924 1923 1873 1874 1925 1924
          1874 1875 1926 1925 1875 1876 1927 1926
          1876 1877 1928 1927 1877 1878 1929 1928
          1878 1879 1930 1929 1879 1880 1931 1930
          1880 1881 1932 1931 1881 1882 1933 1932
          1882 1883 1934 1933 1883 1884 1935 1934
          1884 1885 1936 1935 1885 1886 1937 1936
          1887 1888 1939 1938 1888 1889 1940 1939
          1889 1890 1941 1940 1890 1891 1942 1941
          1891 1892 1943 1942 1892 1893 1944 1943
          1893 1894 1945 1944 1894 1895 1946 1945
          1895 1896 1947 1946 1896 1897 1948 1947
          1897 1898 1949 1948 1898 1899 1950 1949
          1899 1900 1951 1950 1900 1901 1952 1951
          1901 1902 1953 1952 1902 1903 1954 1953
          1903 1904 1955 1954 1904 1905 1956 1955
          1905 1906 1957 1956 1906 1907 1958 1957
          1907 1908 1959 1958 1908 1909 1960 1959
          1909 1910 1961 1960 1910 1911 1962 1961
          1911 1912 1963 1962 1912 1913 1964 1963
          1913 1914 1965 1964 1914 1915 1966 1965
          1915 1916 1967 1966 1916 1917 1968 1967
          1917 1918 1969 1968 1918 1919 1970 1969
          1919 1920 1971 1970 1920 1921 1972 1971
          1921 1922 1973 1972 1922 1923 1974 1973
          1923 1924 1975 1974 1924 1925 1976 1975
          1925 1926 1977 1976 1926 1927 1978 1977
          1927 1928 1979 1978 1928 1929 1980 1979
          1929 1930 1981 1980 1930 1931 1982 1981
          1931 1932 1983 1982 1932 1933 1984 1983
          1933 1934 1985 1984 1934 1935 1986 1985
          1935 1936 1987 1986 1936 1937 1988 1987
          1938 1939 1990 1989 1939 1940 1991 1990
          1940 1941 1992 1991 1941 1942 1993 1992
          1942 1943 1994 1993 1943 1944 1995 1994
          1944 1945 1996 1995 1945 1946 1997 1996
          1946 1947 1998 1997 1947 1948 1999 1998
          1948 1949 2000 1999 1949 1950 2001 2000
          1950 1951 2002 2001 1951 1952 2003 2002
          1952 1953 2004 2003 1953 1954 2005 2004
          1954 1955 2006 2005 1955 1956 2007 2006
          1956 1957 2008 2007 1957 1958 2009 2008
          1958 1959 2010 2009 1959 1960 2011 2010
          1960 1961 2012 2011 1961 1962 2013 2012
          1962 1963 2014 2013 1963 1964 2015 2014
          1964 1965 2016 2015 1965 1966 2017 2016
          1966 1967 2018 2017 1967 1968 2019 2018
          1968 1969 2020 2019 1969 1970 2021 2020
          1970 1971 2022 2021 1971 1972 2023 2022
          1972 1973 2024 2023 1973 1974 2025 2024
          1974 1975 2026 2025 1975 1976 2027 2026
          1976 1977 2028 2027 1977 1978 2029 2028
          1978 1979 2030 2029 1979 1980 2031 2030
          1980 1981 2032 2031 1981 1982 2033 2032
          1982 1983 2034 2033 1983 1984 2035 2034
          1984 1985 2036 2035 1985 1986 2037 2036
          1986 1987 2038 2037 1987 1988 2039 2038
          1989 1990 2041 2040 1990 1991 2042 2041
          1991 1992 2043 2042 1992 1993 2044 2043
          1993 1994 2045 2044 1994 1995 2046 2045
          1995 1996 2047 2046 1996 1997 2048 2047
          1997 1998 2049 2048 1998 1999 2050 2049
          1999 2000 2051 2050 2000 2001 2052 2051
          2001 2002 2053 2052 2002 2003 2054 2053
          2003 2004 2055 2054 2004 2005 2056 2055
          2005 2006 2057 2056 2006 2007 2058 2057
          2007 2008 2059 2058 2008 2009 2060 2059
          2009 2010 2061 2060 2010 2011 2062 2061
          2011 2012 2063 2062 2012 2013 2064 2063
          2013 2014 2065 2064 2014 2015 2066 2065
          2015 2016 2067 2066 2016 2017 2068 2067
          2017 2018 2069 2068 2018 2019 2070 2069
          2019 2020 2071 2070 2020 2021 2072 2071
          2021 2022 2073 2072 2022 2023 2074 2073
          2023 2024 2075 2074 2024 2025 2076 2075
          2025 2026 2077 2076 2026 2027 2078 2077
          2027 2028 2079 2078 2028 2029 2080 2079
          2029 2030 2081 2080 2030 2031 2082 2081
          2031 2032 2083 2082 2032 2033 2084 2083
          2033 2034 2085 2084 2034 2035 2086 2085
          2035 2036 2087 2086 2036 2037 2088 2087
          2037 2038 2089 2088 2038 2039 2090 2089
          2040 2041 2092 2091 2041 2042 2093 2092
          2042 2043 2094 2093 2043 2044 2095 2094
          2044 2045 2096 2095 2045 2046 2097 2096
          2046 2047 2098 2097 2047 2048 2099 2098
          2048 2049 2100 2099 2049 2050 2101 2100
          2050 2051 2102 2101 2051 2052 2103 2102
          2052 2053 2104 2103 2053 2054 2105 2104
          2054 2055 2106 2105 2055 2056 2107 2106
          2056 2057 2108 2107 2057 2058 2109 2108
          2058 2059 2110 2109 2059 2060 2111 2110
          2060 2061 2112 2111 2061 2062 2113 2112
          2062 2063 2114 2113 2063 2064 2115 2114
          2064 2065 2116 2115 2065 2066 2117 2116
          2066 2067 2118 2117 2067 2068 2119 2118
          2068 2069 2120 2119 2069 2070 2121 2120
          2070 2071 2122 2121 2071 2072 2123 2122
          2072 2073 2124 2123 2073 2074 2125 2124
          2074 2075 2126 2125 2075 2076 2127 2126
          2076 2077 2128 2127 2077 2078 2129 2128
          2078 2079 2130 2129 2079 2080 2131 2130
          2080 2081 2132 2131 2081 2082 2133 2132
          2082 2083 2134 2133 2083 2084 2135 2134
          2084 2085 2136 2135 2085 2086 2137 2136
          2086 2087 2138 2137 2087 2088 2139 2138
          2088 2089 2140 2139 2089 2090 2141 2140
          2091 2092 2143 2142 2092 2093 2144 2143
          2093 2094 2145 2144 2094 2095 2146 2145
          2095 2096 2147 2146 2096 2097 2148 2147
          2097 2098 2149 2148 2098 2099 2150 2149
          2099 2100 2151 2150 2100 2101 2152 2151
          2101 2102 2153 2152 2102 2103 2154 2153
          2103 2104 2155 2154 2104 2105 2156 2155
          2105 2106 2157 2156 2106 2107 2158 2157
          2107 2108 2159 2158 2108 2109 2160 2159
          2109 2110 2161 2160 2110 2111 2162 2161
          2111 2112 2163 2162 2112 2113 2164 2163
          2113 2114 2165 2164 2114 2115 2166 2165
          2115 2116 2167 2166 2116 2117 2168 2167
          2117 2118 2169 2168 2118 2119 2170 2169
          2119 2120 2171 2170 2120 2121 2172 2171
          2121 2122 2173 2172 2122 2123 2174 2173
          2123 2124 2175 2174 2124 2125 2176 2175
          2125 2126 2177 2176 2126 2127 2178 2177
          2127 2128 2179 2178 2128 2129 2180 2179
          2129 2130 2181 2180 2130 2131 2182 2181
          2131 2132 2183 2182 2132 2133 2184 2183
          2133 2134 2185 2184 2134 2135 2186 2185
          2135 2136 2187 2186 2136 2137 2188 2187
          2137 2138 2189 2188 2138 2139 2190 2189
          2139 2140 2191 2190 2140 2141 2192 2191
          2142 2143 2194 2193 2143 2144 2195 2194
          2144 2145 2196 2195 2145 2146 2197 2196
          2146 2147 2198 2197 2147 2148 2199 2198
          2148 2149 2200 2199 2149 2150 2201 2200
          2150 2151 2202 2201 2151 2152 2203 2202
          2152 2153 2204 2203 2153 2154 2205 2204
          2154 2155 2206 2205 2155 2156 2207 2206
          2156 2157 2208 2207 2157 2158 2209 2208
          2158 2159 2210 2209 2159 2160 2211 2210
          2160 2161 2212 2211 2161 2162 2213 2212
          2162 2163 2214 2213 2163 2164 2215 2214
          2164 2165 2216 2215 2165 2166 2217 2216
          2166 2167 2218 2217 2167 2168 2219 2218
          2168 2169 2220 2219 2169 2170 2221 2220
          2170 2171 2222 2221 2171 2172 2223 2222
          2172 2173 2224 2223 2173 2174 2225 2224
          2174 2175 2226 2225 2175 2176 2227 2226
          2176 2177 2228 2227 2177 2178 2229 2228
          2178 2179 2230 2229 2179 2180 2231 2230
          2180 2181 2232 2231 2181 2182 2233 2232
          2182 2183 2234 2233 2183 2184 2235 2234
          2184 2185 2236 2235 2185 2186 2237 2236
          2186 2187 2238 2237 2187 2188 2239 2238
          2188 2189 2240 2239 2189 2190 2241 2240
          2190 2191 2242 2241 2191 2192 2243 2242
          2193 2194 2245 2244 2194 2195 2246 2245
          2195 2196 2247 2246 2196 2197 2248 2247
          2197 2198 2249 2248 2198 2199 2250 2249
          2199 2200 2251 2250 2200 2201 2252 2251
          2201 2202 2253 2252 2202 2203 2254 2253
          2203 2204 2255 2254 2204 2205 2256 2255
          2205 2206 2257 2256 2206 2207 2258 2257
          2207 2208 2259 2258 2208 2209 2260 2259
          2209 2210 2261 2260 2210 2211 2262 2261
          2211 2212 2263 2262 2212 2213 2264 2263
          2213 2214 2265 2264 2214 2215 2266 2265
          2215 2216 2267 2266 2216 2217 2268 2267
          2217 2218 2269 2268 2218 2219 2270 2269
          2219 2220 2271 2270 2220 2221 2272 2271
          2221 2222 2273 2272 2222 2223 2274 2273
          2223 2224 2275 2274 2224 2225 2276 2275
          2225 2226 2277 2276 2226 2227 2278 2277
          2227 2228 2279 2278 2228 2229 2280 2279
          2229 2230 2281 2280 2230 2231 2282 2281
          2231 2232 2283 2282 2232 2233 2284 2283
          2233 2234 2285 2284 2234 2235 2286 2285
          2235 2236 2287 2286 2236 2237 2288 2287
          2237 2238 2289 2288 2238 2239 2290 2289
          2239 2240 2291 2290 2240 2241 2292 2291
          2241 2242 2293 2292 2242 2243 2294 2293
          2244 2245 2296 2295 2245 2246 2297 2296
          2246 2247 2298 2297 2247 2248 2299 2298
          2248 2249 2300 2299 2249 2250 2301 2300
          2250 2251 2302 2301 2251 2252 2303 2302
          2252 2253 2304 2303 2253 2254 2305 2304
          2254 2255 2306 2305 2255 2256 2307 2306
          2256 2257 2308 2307 2257 2258 2309 2308
          2258 2259 2310 2309 2259 2260 2311 2310
          2260 2261 2312 2311 2261 2262 2313 2312
          2262 2263 2314 2313 2263 2264 2315 2314
          2264 2265 2316 2315 2265 2266 2317 2316
          2266 2267 2318 2317 2267 2268 2319 2318
          2268 2269 2320 2319 2269 2270 2321 2320
          2270 2271 2322 2321 2271 2272 2323 2322
          2272 2273 2324 2323 2273 2274 2325 2324
          2274 2275 2326 2325 2275 2276 2327 2326
          2276 2277 2328 2327 2277 2278 2329 2328
          2278 2279 2330 2329 2279 2280 2331 2330
          2280 2281 2332 2331 2281 2282 2333 2332
          2282 2283 2334 2333 2283 2284 2335 2334
          2284 2285 2336 2335 2285 2286 2337 2336
          2286 2287 2338 2337 2287 2288 2339 2338
          2288 2289 2340 2339 2289 2290 2341 2340
          2290 2291 2342 2341 2291 2292 2343 2342
          2292 2293 2344 2343 2293 2294 2345 2344
          2295 2296 2347 2346 2296 2297 2348 2347
          2297 2298 2349 2348 2298 2299 2350 2349
          2299 2300 2351 2350 2300 2301 2352 2351
          2301 2302 2353 2352 2302 2303 2354 2353
          2303 2304 2355 2354 2304 2305 2356 2355
          2305 2306 2357 2356 2306 2307 2358 2357
          2307 2308 2359 2358 2308 2309 2360 2359
          2309 2310 2361 2360 2310 2311 2362 2361
          2311 2312 2363 2362 2312 2313 2364 2363
          2313 2314 2365 2364 2314 2315 2366 2365
          2315 2316 2367 2366 2316 2317 2368 2367
          2317 2318 2369 2368 2318 2319 2370 2369
          2319 2320 2371 2370 2320 2321 2372 2371
          2321 2322 2373 2372 2322 2323 2374 2373
          2323 2324 2375 2374 2324 2325 2376 2375
          2325 2326 2377 2376 2326 2327 2378 2377
          2327 2328 2379 2378 2328 2329 2380 2379
          2329 2330 2381 2380 2330 2331 2382 2381
          2331 2332 2383 2382 2332 2333 2384 2383
          2333 2334 2385 2384 2334 2335 2386 2385
          2335 2336 2387 2386 2336 2337 2388 2387
          2337 2338 2389 2388 2338 2339 2390 2389
          2339 2340 2391 2390 2340 2341 2392 2391
          2341 2342 2393 2392 2342 2343 2394 2393
          2343 2344 2395 2394 2344 2345 2396 2395
          2346 2347 2398 2397 2347 2348 2399 2398
          2348 2349 2400 2399 2349 2350 2401 2400
          2350 2351 2402 2401 2351 2352 2403 2402
          2352 2353 2404 2403 2353 2354 2405 2404
          2354 2355 2406 2405 2355 2356 2407 2406
          2356 2357 2408 2407 2357 2358 2409 2408
          2358 2359 2410 2409 2359 2360 2411 2410
          2360 2361 2412 2411 2361 2362 2413 2412
          2362 2363 2414 2413 2363 2364 2415 2414
          2364 2365 2416 2415 2365 2366 2417 2416
          2366 2367 2418 2417 2367 2368 2419 2418
          2368 2369 2420 2419 2369 2370 2421 2420
          2370 2371 2422 2421 2371 2372 2423 2422
          2372 2373 2424 2423 2373 2374 2425 2424
          2374 2375 2426 2425 2375 2376 2427 2426
          2376 2377 2428 2427 2377 2378 2429 2428
          2378 2379 2430 2429 2379 2380 2431 2430
          2380 2381 2432 2431 2381 2382 2433 2432
          2382 2383 2434 2433 2383 2384 2435 2434
          2384 2385 2436 2435 2385 2386 2437 2436
          2386 2387 2438 2437 2387 2388 2439 2438
          2388 2389 2440 2439 2389 2390 2441 2440
          2390 2391 2442 2441 2391 2392 2443 2442
          2392 2393 2444 2443 2393 2394 2445 2444
          2394 2395 2446 2445 2395 2396 2447 2446
          2397 2398 2449 2448 2398 2399 2450 2449
          2399 2400 2451 2450 2400 2401 2452 2451
          2401 2402 2453 2452 2402 2403 2454 2453
          2403 2404 2455 2454 2404 2405 2456 2455
          2405 2406 2457 2456 2406 2407 2458 2457
          2407 2408 2459 2458 2408 2409 2460 2459
          2409 2410 2461 2460 2410 2411 2462 2461
          2411 2412 2463 2462 2412 2413 2464 2463
          2413 2414 2465 2464 2414 2415 2466 2465
          2415 2416 2467 2466 2416 2417 2468 2467
          2417 2418 2469 2468 2418 2419 2470 2469
          2419 2420 2471 2470 2420 2421 2472 2471
          2421 2422 2473 2472 2422 2423 2474 2473
          2423 2424 2475 2474 2424 2425 2476 2475
          2425 2426 2477 2476 2426 2427 2478 2477
          2427 2428 2479 2478 2428 2429 2480 2479
          2429 2430 2481 2480 2430 2431 2482 2481
          2431 2432 2483 2482 2432 2433 2484 2483
          2433 2434 2485 2484 2434 2435 2486 2485
          2435 2436 2487 2486 2436 2437 2488 2487
          2437 2438 2489 2488 2438 2439 2490 2489
          2439 2440 2491 2490 2440 2441 2492 2491
          2441 2442 2493 2492 2442 2443 2494 2493
          2443 2444 2495 2494 2444 2445 2496 2495
          2445 2446 2497 2496 2446 2447 2498 2497
          2448 2449 2500 2499 2449 2450 2501 2500
          2450 2451 2502 2501 2451 2452 2503 2502
          2452 2453 2504 2503 2453 2454 2505 2504
          2454 2455 2506 2505 2455 2456 2507 2506
          2456 2457 2508 2507 2457 2458 2509 2508
          2458 2459 2510 2509 2459 2460 2511 2510
          2460 2461 2512 2511 2461 2462 2513 2512
          2462 2463 2514 2513 2463 2464 2515 2514
          2464 2465 2516 2515 2465 2466 2517 2516
          2466 2467 2518 2517 2467 2468 2519 2518
          2468 2469 2520 2519 2469 2470 2521 2520
          2470 2471 2522 2521 2471 2472 2523 2522
          2472 2473 2524 2523 2473 2474 2525 2524
          2474 2475 2526 2525 2475 2476 2527 2526
          2476 2477 2528 2527 2477 2478 2529 2528
          2478 2479 2530 2529 2479 2480 2531 2530
          2480 2481 2532 2531 2481 2482 2533 2532
          2482 2483 2534 2533 2483 2484 2535 2534
          2484 2485 2536 2535 2485 2486 2537 2536
          2486 2487 2538 2537 2487 2488 2539 2538
          2488 2489 2540 2539 2489 2490 2541 2540
          2490 2491 2542 2541 2491 2492 2543 2542
          2492 2493 2544 2543 2493 2494 2545 2544
          2494 2495 2546 2545 2495 2496 2547 2546
          2496 2497 2548 2547 2497 2498 2549 2548
          2499 2500 2551 2550 2500 2501 2552 2551
          2501 2502 2553 2552 2502 2503 2554 2553
          2503 2504 2555 2554 2504 2505 2556 2555
          2505 2506 2557 2556 2506 2507 2558 2557
          2507 2508 2559 2558 2508 2509 2560 2559
          2509 2510 2561 2560 2510 2511 2562 2561
          2511 2512 2563 2562 2512 2513 2564 2563
          2513 2514 2565 2564 2514 2515 2566 2565
          2515 2516 2567 2566 2516 2517 2568 2567
          2517 2518 2569 2568 2518 2519 2570 2569
          2519 2520 2571 2570 2520 2521 2572 2571
          2521 2522 2573 2572 2522 2523 2574 2573
          2523 2524 2575 2574 2524 2525 2576 2575
          2525 2526 2577 2576 2526 2527 2578 2577
          2527 2528 2579 2578 2528 2529 2580 2579
          2529 2530 2581 2580 2530 2531 2582 2581
          2531 2532 2583 2582 2532 2533 2584 2583
          2533 2534 2585 2584 2534 2535 2586 2585
          2535 2536 2587 2586 2536 2537 2588 2587
          2537 2538 2589 2588 2538 2539 2590 2589
          2539 2540 2591 2590 2540 2541 2592 2591
          2541 2542 2593 2592 2542 2543 2594 2593
          2543 2544 2595 2594 2544 2545 2596 2595
          2545 2546 2597 2596 2546 2547 2598 2597
          2547 2548 2599 2598 2548 2549 2600 2599
        </DataArray>
        <DataArray type="Int64" Name="offsets" format="ascii" RangeMin="1" RangeMax="2500">
          4 8 12 16 20 24
          28 32 36 40 44 48
          52 56 60 64 68 72
          76 80 84 88 92 96
          100 104 108 112 116 120
          124 128 132 136 140 144
          148 152 156 160 164 168
          172 176 180 184 188 192
          196 200 204 208 212 216
          220 224 228 232 236 240
          244 248 252 256 260 264
          268 272 276 280 284 288
          292 296 300 304 308 312
          316 320 324 328 332 336
          340 344 348 352 356 360
          364 368 372 376 380 384
          388 392 396 400 404 408
          412 416 420 424 428 432
          436 440 444 448 452 456
          460 464 468 472 476 480
          484 488 492 496 500 504
          508 512 516 520 524 528
          532 536 540 544 548 552
          556 560 564 568 572 576
          580 584 588 592 596 600
          604 608 612 616 620 624
          628 632 636 640 644 648
          652 656 660 664 668 672
          676 680 684 688 692 696
          700 704 708 712 716 720
          724 728 732 736 740 744
          748 752 756 760 764 768
          772 776 780 784 788 792
          796 800 804 808 812 816
          820 824 828 832 836 840
          844 848 852 856 860 864
          868 872 876 880 884 888
          892 896 900 904 908 912
          916 920 924 928 932 936
          940 944 948 952 956 960
          964 968 972 976 980 984
          988 992 996 1000 1004 1008
          1012 1016 1020 1024 1028 1032
          1036 1040 1044 1048 1052 1056
          1060 1064 1068 1072 1076 1080
          1084 1088 1092 1096 1100 1104
          1108 1112 1116 1120 1124 1128
          1132 1136 1140 1144 1148 1152
          1156 1160 1164 1168 1172 1176
          1180 1184 1188 1192 1196 1200
          1204 1208 1212 1216 1220 1224
          1228 1232 1236 1240 1244 1248
          1252 1256 1260 1264 1268 1272
          1276 1280 1284 1288 1292 1296
          1300 1304 1308 1312 1316 1320
          1324 1328 1332 1336 1340 1344
          1348 1352 1356 1360 1364 1368
          1372 1376 1380 1384 1388 1392
          1396 1400 1404 1408 1412 1416
          1420 1424 1428 1432 1436 1440
          1444 1448 1452 1456 1460 1464
          1468 1472 1476 1480 1484 1488
          1492 1496 1500 1504 1508 1512
          1516 1520 1524 1528 1532 1536
          1540 1544 1548 1552 1556 1560
          1564 1568 1572 1576 1580 1584
          1588 1592 1596 1600 1604 1608
          1612 1616 1620 1624 1628 1632
          1636 1640 1644 1648 1652 1656
          1660 1664 1668 1672 1676 1680
          1684 1688 1692 1696 1700 1704
          1708 1712 1716 1720 1724 1728
          1732 1736 1740 1744 1748 1752
          1756 1760 1764 1768 1772 1776
          1780 1784 1788 1792 1796 1800
          1804 1808 1812 1816 1820 1824
          1828 1832 1836 1840 1844 1848
          1852 1856 1860 1864 1868 1872
          1876 1880 1884 1888 1892 1896
          1900 1904 1908 1912 1916 1920
          1924 1928 1932 1936 1940 1944
          1948 1952 1956 1960 1964 1968
          1972 1976 1980 1984 1988 1992
          1996 2000 2004 2008 2012 2016
          2020 2024 2028 2032 2036 2040
          2044 2048 2052 2056 2060 2064
          2068 2072 2076 2080 2084 2088
          2092 2096 2100 2104 2108 2112
          2116 2120 2124 2128 2132 2136
          2140 2144 2148 2152 2156 2160
          2164 2168 2172 2176 2180 2184
          2188 2192 2196 2200 2204 2208
          2212 2216 2220 2224 2228 2232
          2236 2240 2244 2248 2252 2256
          2260 2264 2268 2272 2276 2280
          2284 2288 2292 2296 2300 2304
          2308 2312 2316 2320 2324 2328
          2332 2336 2340 2344 2348 2352
          2356 2360 2364 2368 2372 2376
          2380 2384 2388 2392 2396 2400
          2404 2408 2412 2416 2420 2424
          2428 2432 2436 2440 2444 2448
          2452 2456 2460 2464 2468 2472
          2476 2480 2484 2488 2492 2496
          2500 2504 2508 2512 2516 2520
          2524 2528 2532 2536 2540 2544
          2548 2552 2556 2560 2564 2568
          2572 2576 2580 2584 2588 2592
          2596 2600 2604 2608 2612 2616
          2620 2624 2628 2632 2636 2640
          2644 2648 2652 2656 2660 2664
          2668 2672 2676 2680 2684 2688
          2692 2696 2700 2704 2708 2712
          2716 2720 2724 2728 2732 2736
          2740 2744 2748 2752 2756 2760
          2764 2768 2772 2776 2780 2784
          2788 2792 2796 2800 2804 2808
          2812 2816 2820 2824 2828 2832
          2836 2840 2844 2848 2852 2856
          2860 2864 2868 2872 2876 2880
          2884 2888 2892 2896 2900 2904
          2908 2912 2916 2920 2924 2928
          2932 2936 2940 2944 2948 2952
          2956 2960 2964 2968 2972 2976
          2980 2984 2988 2992 2996 3000
          3004 3008 3012 3016 3020 3024
          3028 3032 3036 3040 3044 3048
          3052 3056 3060 3064 3068 3072
          3076 3080 3084 3088 3092 3096
          3100 3104 3108 3112 3116 3120
          3124 3128 3132 3136 3140 3144
          3148 3152 3156 3160 3164 3168
          3172 3176 3180 3184 3188 3192
          3196 3200 3204 3208 3212 3216
          3220 3224 3228 3232 3236 3240
          3244 3248 3252 3256 3260 3264
          3268 3272 3276 3280 3284 3288
          3292 3296 3300 3304 3308 3312
          3316 3320 3324 3328 3332 3336
          3340 3344 3348 3352 3356 3360
          3364 3368 3372 3376 3380 3384
          3388 3392 3396 3400 3404 3408
          3412 3416 3420 3424 3428 3432
          3436 3440 3444 3448 3452 3456
          3460 3464 3468 3472 3476 3480
          3484 3488 3492 3496 3500 3504
          3508 3512 3516 3520 3524 3528
          3532 3536 3540 3544 3548 3552
          3556 3560 3564 3568 3572 3576
          3580 3584 3588 3592 3596 3600
          3604 3608 3612 3616 3620 3624
          3628 3632 3636 3640 3644 3648
          3652 3656 3660 3664 3668 3672
          3676 3680 3684 3688 3692 3696
          3700 3704 3708 3712 3716 3720
          3724 3728 3732 3736 3740 3744
          3748 3752 3756 3760 3764 3768
          3772 3776 3780 3784 3788 3792
          3796 3800 3804 3808 3812 3816
          3820 3824 3828 3832 3836 3840
          3844 3848 3852 3856 3860 3864
          3868 3872 3876 3880 3884 3888
          3892 3896 3900 3904 3908 3912
          3916 3920 3924 3928 3932 3936
          3940 3944 3948 3952 3956 3960
          3964 3968 3972 3976 3980 3984
          3988 3992 3996 4000 4004 4008
          4012 4016 4020 4024 4028 4032
          4036 4040 4044 4048 4052 4056
          4060 4064 4068 4072 4076 4080
          4084 4088 4092 4096 4100 4104
          4108 4112 4116 4120 4124 4128
          4132 4136 4140 4144 4148 4152
          4156 4160 4164 4168 4172 4176
          4180 4184 4188 4192 4196 4200
          4204 4208 4212 4216 4220 4224
          4228 4232 4236 4240 4244 4248
          4252 4256 4260 4264 4268 4272
          4276 4280 4284 4288 4292 4296
          4300 4304 4308 4312 4316 4320
          4324 4328 4332 4336 4340 4344
          4348 4352 4356 4360 4364 4368
          4372 4376 4380 4384 4388 4392
          4396 4400 4404 4408 4412 4416
          4420 4424 4428 4432 4436 4440
          4444 4448 4452 4456 4460 4464
          4468 4472 4476 4480 4484 4488
          4492 4496 4500 4504 4508 4512
          4516 4520 4524 4528 4532 4536
          4540 4544 4548 4552 4556 4560
          4564 4568 4572 4576 4580 4584
          4588 4592 4596 4600 4604 4608
          4612 4616 4620 4624 4628 4632
          4636 4640 4644 4648 4652 4656
          4660 4664 4668 4672 4676 4680
          4684 4688 4692 4696 4700 4704
          4708 4712 4716 4720 4724 4728
          4732 4736 4740 4744 4748 4752
          4756 4760 4764 4768 4772 4776
          4780 4784 4788 4792 4796 4800
          4804 4808 4812 4816 4820 4824
          4828 4832 4836 4840 4844 4848
          4852 4856 4860 4864 4868 4872
          4876 4880 4884 4888 4892 4896
          4900 4904 4908 4912 4916 4920
          4924 4928 4932 4936 4940 4944
          4948 4952 4956 4960 4964 4968
          4972 4976 4980 4984 4988 4992
          4996 5000 5004 5008 5012 5016
          5020 5024 5028 5032 5036 5040
          5044 5048 5052 5056 5060 5064
          5068 5072 5076 5080 5084 5088
          5092 5096 5100 5104 5108 5112
          5116 5120 5124 5128 5132 5136
          5140 5144 5148 5152 5156 5160
          5164 5168 5172 5176 5180 5184
          5188 5192 5196 5200 5204 5208
          5212 5216 5220 5224 5228 5232
          5236 5240 5244 5248 5252 5256
          5260 5264 5268 5272 5276 5280
          5284 5288 5292 5296 5300 5304
          5308 5312 5316 5320 5324 5328
          5332 5336 5340 5344 5348 5352
          5356 5360 5364 5368 5372 5376
          5380 5384 5388 5392 5396 5400
          5404 5408 5412 5416 5420 5424
          5428 5432 5436 5440 5444 5448
          5452 5456 5460 5464 5468 5472
          5476 5480 5484 5488 5492 5496
          5500 5504 5508 5512 5516 5520
          5524 5528 5532 5536 5540 5544
          5548 5552 5556 5560 5564 5568
          5572 5576 5580 5584 5588 5592
          5596 5600 5604 5608 5612 5616
          5620 5624 5628 5632 5636 5640
          5644 5648 5652 5656 5660 5664
          5668 5672 5676 5680 5684 5688
          5692 5696 5700 5704 5708 5712
          5716 5720 5724 5728 5732 5736
          5740 5744 5748 5752 5756 5760
          5764 5768 5772 5776 5780 5784
          5788 5792 5796 5800 5804 5808
          5812 5816 5820 5824 5828 5832
          5836 5840 5844 5848 5852 5856
          5860 5864 5868 5872 5876 5880
          5884 5888 5892 5896 5900 5904
          5908 5912 5916 5920 5924 5928
          5932 5936 5940 5944 5948 5952
          5956 5960 5964 5968 5972 5976
          5980 5984 5988 5992 5996 6000
          6004 6008 6012 6016 6020 6024
          6028 6032 6036 6040 6044 6048
          6052 6056 6060 6064 6068 6072
          6076 6080 6084 6088 6092 6096
          6100 6104 6108 6112 6116 6120
          6124 6128 6132 6136 6140 6144
          6148 6152 6156 6160 6164 6168
          6172 6176 6180 6184 6188 6192
          6196 6200 6204 6208 6212 6216
          6220 6224 6228 6232 6236 6240
          6244 6248 6252 6256 6260 6264
          6268 6272 6276 6280 6284 6288
          6292 6296 6300 6304 6308 6312
          6316 6320 6324 6328 6332 6336
          6340 6344 6348 6352 6356 6360
          6364 6368 6372 6376 6380 6384
          6388 6392 6396 6400 6404 6408
          6412 6416 6420 6424 6428 6432
          6436 6440 6444 6448 6452 6456
          6460 6464 6468 6472 6476 6480
          6484 6488 6492 6496 6500 6504
          6508 6512 6516 6520 6524 6528
          6532 6536 6540 6544 6548 6552
          6556 6560 6564 6568 6572 6576
          6580 6584 6588 6592 6596 6600
          6604 6608 6612 6616 6620 6624
          6628 6632 6636 6640 6644 6648
          6652 6656 6660 6664 6668 6672
          6676 6680 6684 6688 6692 6696
          6700 6704 6708 6712 6716 6720
          6724 6728 6732 6736 6740 6744
          6748 6752 6756 6760 6764 6768
          6772 6776 6780 6784 6788 6792
          6796 6800 6804 6808 6812 6816
          6820 6824 6828 6832 6836 6840
          6844 6848 6852 6856 6860 6864
          6868 6872 6876 6880 6884 6888
          6892 6896 6900 6904 6908 6912
          6916 6920 6924 6928 6932 6936
          6940 6944 6948 6952 6956 6960
          6964 6968 6972 6976 6980 6984
          6988 6992 6996 7000 7004 7008
          7012 7016 7020 7024 7028 7032
          7036 7040 7044 7048 7052 7056
          7060 7064 7068 7072 7076 7080
          7084 7088 7092 7096 7100 7104
          7108 7112 7116 7120 7124 7128
          7132 7136 7140 7144 7148 7152
          7156 7160 7164 7168 7172 7176
          7180 7184 7188 7192 7196 7200
          7204 7208 7212 7216 7220 7224
          7228 7232 7236 7240 7244 7248
          7252 7256 7260 7264 7268 7272
          7276 7280 7284 7288 7292 7296
          7300 7304 7308 7312 7316 7320
          7324 7328 7332 7336 7340 7344
          7348 7352 7356 7360 7364 7368
          7372 7376 7380 7384 7388 7392
          7396 7400 7404 7408 7412 7416
          7420 7424 7428 7432 7436 7440
          7444 7448 7452 7456 7460 7464
          7468 7472 7476 7480 7484 7488
          7492 7496 7500 7504 7508 7512
          7516 7520 7524 7528 7532 7536
          7540 7544 7548 7552 7556 7560
          7564 7568 7572 7576 7580 7584
          7588 7592 7596 7600 7604 7608
          7612 7616 7620 7624 7628 7632
          7636 7640 7644 7648 7652 7656
          7660 7664 7668 7672 7676 7680
          7684 7688 7692 7696 7700 7704
          7708 7712 7716 7720 7724 7728
          7732 7736 7740 7744 7748 7752
          7756 7760 7764 7768 7772 7776
          7780 7784 7788 7792 7796 7800
          7804 7808 7812 7816 7820 7824
          7828 7832 7836 7840 7844 7848
          7852 7856 7860 7864 7868 7872
          7876 7880 7884 7888 7892 7896
          7900 7904 7908 7912 7916 7920
          7924 7928 7932 7936 7940 7944
          7948 7952 7956 7960 7964 7968
          7972 7976 7980 7984 7988 7992
          7996 8000 8004 8008 8012 8016
          8020 8024 8028 8032 8036 8040
          8044 8048 8052 8056 8060 8064
          8068 8072 8076 8080 8084 8088
          8092 8096 8100 8104 8108 8112
          8116 8120 8124 8128 8132 8136
          8140 8144 8148 8152 8156 8160
          8164 8168 8172 8176 8180 8184
          8188 8192 8196 8200 8204 8208
          8212 8216 8220 8224 8228 8232
          8236 8240 8244 8248 8252 8256
          8260 8264 8268 8272 8276 8280
          8284 8288 8292 8296 8300 8304
          8308 8312 8316 8320 8324 8328
          8332 8336 8340 8344 8348 8352
          8356 8360 8364 8368 8372 8376
          8380 8384 8388 8392 8396 8400
          8404 8408 8412 8416 8420 8424
          8428 8432 8436 8440 8444 8448
          8452 8456 8460 8464 8468 8472
          8476 8480 8484 8488 8492 8496
          8500 8504 8508 8512 8516 8520
          8524 8528 8532 8536 8540 8544
          8548 8552 8556 8560 8564 8568
          8572 8576 8580 8584 8588 8592
          8596 8600 8604 8608 8612 8616
          8620 8624 8628 8632 8636 8640
          8644 8648 8652 8656 8660 8664
          8668 8672 8676 8680 8684 8688
          8692 8696 8700 8704 8708 8712
          8716 8720 8724 8728 8732 8736
          8740 8744 8748 8752 8756 8760
          8764 8768 8772 8776 8780 8784
          8788 8792 8796 8800 8804 8808
          8812 8816 8820 8824 8828 8832
          8836 8840 8844 8848 8852 8856
          8860 8864 8868 8872 8876 8880
          8884 8888 8892 8896 8900 8904
          8908 8912 8916 8920 8924 8928
          8932 8936 8940 8944 8948 8952
          8956 8960 8964 8968 8972 8976
          8980 8984 8988 8992 8996 9000
          9004 9008 9012 9016 9020 9024
          9028 9032 9036 9040 9044 9048
          9052 9056 9060 9064 9068 9072
          9076 9080 9084 9088 9092 9096
          9100 9104 9108 9112 9116 9120
          9124 9128 9132 9136 9140 9144
          9148 9152 9156 9160 9164 9168
          9172 9176 9180 9184 9188 9192
          9196 9200 9204 9208 9212 9216
          9220 9224 9228 9232 9236 9240
          9244 9248 9252 9256 9260 9264
          9268 9272 9276 9280 9284 9288
          9292 9296 9300 9304 9308 9312
          9316 9320 9324 9328 9332 9336
          9340 9344 9348 9352 9356 9360
          9364 9368 9372 9376 9380 9384
          9388 9392 9396 9400 9404 9408
          9412 9416 9420 9424 9428 9432
          9436 9440 9444 9448 9452 9456
          9460 9464 9468 9472 9476 9480
          9484 9488 9492 9496 9500 9504
          9508 9512 9516 9520 9524 9528
          9532 9536 9540 9544 9548 9552
          9556 9560 9564 9568 9572 9576
          9580 9584 9588 9592 9596 9600
          9604 9608 9612 9616 9620 9624
          9628 9632 9636 9640 9644 9648
          9652 9656 9660 9664 9668 9672
          9676 9680 9684 9688 9692 9696
          9700 9704 9708 9712 9716 9720
          9724 9728 9732 9736 9740 9744
          9748 9752 9756 9760 9764 9768
          9772 9776 9780 9784 9788 9792
          9796 9800 9804 9808 9812 9816
          9820 9824 9828 9832 9836 9840
          9844 9848 9852 9856 9860 9864
          9868 9872 9876 9880 9884 9888
          9892 9896 9900 9904 9908 9912
          9916 9920 9924 9928 9932 9936
          9940 9944 9948 9952 9956 9960
          9964 9968 9972 9976 9980 9984
          9988 9992 9996 10000 
        </DataArray>
      </Polys>
    </Piece>
  </PolyData>
</VTKFile>
