task_model,task_data,value
0,0,25622.66899535799
1,1,10787.00776064361
2,2,9003.894976420055
3,3,6327.249992998549
4,4,6202.575229863506
