task_model,task_data,value
0,0,0.6107084
1,1,0.3788962
2,2,0.17543042
3,3,0.16771586
4,4,0.13264742
