task_model,task_data,value
0,0,669943.8858032227
1,1,1365666.8090820312
2,2,1740218.7728881836
3,3,1933684.5207214355
4,4,2746713.02318573
