task_model,task_data,value
0,0,261413.0078125
1,1,843850.7421875
2,2,1159412.0546875
3,3,1746005.9140625
4,4,2459698.484375
